[
  {
    "config": "default_64x64",
    "seed": 1,
    "ds1": 0.0,
    "ds2": 0.0
  },
  {
    "config": "default_64x64",
    "seed": 2,
    "ds1": 0.9392857142857144,
    "ds2": 0.0
  },
  {
    "config": "default_64x64",
    "seed": 3,
    "ds1": 0.9321428571428572,
    "ds2": 0.0
  },
  {
    "config": "small_32x32",
    "seed": 1,
    "ds1": 0.9392857142857144,
    "ds2": 0.0
  },
  {
    "config": "small_32x32",
    "seed": 2,
    "ds1": 0.0,
    "ds2": 0.0
  },
  {
    "config": "small_32x32",
    "seed": 3,
    "ds1": 0.9392857142857144,
    "ds2": 0.0
  },
  {
    "config": "tiny_16x16",
    "seed": 1,
    "ds1": 0.9392857142857144,
    "ds2": 0.0
  },
  {
    "config": "tiny_16x16",
    "seed": 2,
    "ds1": 0.0,
    "ds2": 0.0
  },
  {
    "config": "tiny_16x16",
    "seed": 3,
    "ds1": 0.9321428571428572,
    "ds2": 0.0
  }
]