{
  "algo": "DQN",
  "env": "doorkey_5x5",
  "seed": 5,
  "timesteps": [
    250,
    500,
    750,
    1000,
    1250,
    1500,
    1750,
    2000,
    2250,
    2500,
    2750,
    3000,
    3250,
    3500,
    3750,
    3878,
    4128,
    4346,
    4596,
    4846,
    5096,
    5346,
    5596,
    5846,
    6096,
    6346,
    6596,
    6846,
    7096,
    7346,
    7596,
    7846,
    8096,
    8346,
    8596,
    8846,
    9096,
    9346,
    9596,
    9846,
    10096,
    10346,
    10596,
    10846,
    11096,
    11346,
    11596,
    11846,
    12096,
    12346,
    12596,
    12846,
    13096,
    13346,
    13596,
    13846,
    14096,
    14346,
    14596,
    14846,
    15096,
    15346,
    15596,
    15846,
    16096,
    16346,
    16596,
    16846,
    17096,
    17346,
    17596,
    17846,
    18096,
    18346,
    18596,
    18846,
    19096,
    19346,
    19552,
    19802,
    20052,
    20302,
    20552,
    20802,
    21052,
    21302,
    21552,
    21802,
    22052,
    22302,
    22552,
    22802,
    23052,
    23302,
    23552,
    23802,
    24052,
    24302,
    24552,
    24802,
    25052,
    25302,
    25552,
    25802,
    26052,
    26302,
    26552,
    26802,
    27052,
    27302,
    27552,
    27802,
    28052,
    28302,
    28552,
    28802,
    29052,
    29302,
    29552,
    29802,
    30052,
    30302,
    30552,
    30706,
    30956,
    31206,
    31456,
    31706,
    31956,
    32206,
    32456,
    32706,
    32956,
    33206,
    33456,
    33706,
    33956,
    34206,
    34456,
    34706,
    34956,
    35206,
    35456,
    35706,
    35956,
    36206,
    36456,
    36706,
    36956,
    37206,
    37456,
    37706,
    37956,
    38206,
    38456,
    38706,
    38956,
    39206,
    39456,
    39706,
    39956,
    40206,
    40456,
    40706,
    40956,
    41206,
    41456,
    41706,
    41956,
    42206,
    42456,
    42706,
    42956,
    43206,
    43456,
    43706,
    43956,
    44206,
    44456,
    44532,
    44782,
    45032,
    45282,
    45532,
    45782,
    45871,
    46121,
    46371,
    46621,
    46871,
    47121,
    47371,
    47621,
    47871,
    48121,
    48371,
    48621,
    48871,
    49121,
    49371,
    49512,
    49762
  ],
  "episode_rewards": [
    0.0,
    0.0,
    0.0,
    0.0,
    0.0,
    0.0,
    0.0,
    0.0,
    0.0,
    0.0,
    0.0,
    0.0,
    0.0,
    0.0,
    0.0,
    0.5392,
    0.0,
    0.2152,
    0.0,
    0.0,
    0.0,
    0.0,
    0.0,
    0.0,
    0.0,
    0.0,
    0.0,
    0.0,
    0.0,
    0.0,
    0.0,
    0.0,
    0.0,
    0.0,
    0.0,
    0.0,
    0.0,
    0.0,
    0.0,
    0.0,
    0.0,
    0.0,
    0.0,
    0.0,
    0.0,
    0.0,
    0.0,
    0.0,
    0.0,
    0.0,
    0.0,
    0.0,
    0.0,
    0.0,
    0.0,
    0.0,
    0.0,
    0.0,
    0.0,
    0.0,
    0.0,
    0.0,
    0.0,
    0.0,
    0.0,
    0.0,
    0.0,
    0.0,
    0.0,
    0.0,
    0.0,
    0.0,
    0.0,
    0.0,
    0.0,
    0.0,
    0.0,
    0.0,
    0.2584,
    0.0,
    0.0,
    0.0,
    0.0,
    0.0,
    0.0,
    0.0,
    0.0,
    0.0,
    0.0,
    0.0,
    0.0,
    0.0,
    0.0,
    0.0,
    0.0,
    0.0,
    0.0,
    0.0,
    0.0,
    0.0,
    0.0,
    0.0,
    0.0,
    0.0,
    0.0,
    0.0,
    0.0,
    0.0,
    0.0,
    0.0,
    0.0,
    0.0,
    0.0,
    0.0,
    0.0,
    0.0,
    0.0,
    0.0,
    0.0,
    0.0,
    0.0,
    0.0,
    0.0,
    0.4456,
    0.0,
    0.0,
    0.0,
    0.0,
    0.0,
    0.0,
    0.0,
    0.0,
    0.0,
    0.0,
    0.0,
    0.0,
    0.0,
    0.0,
    0.0,
    0.0,
    0.0,
    0.0,
    0.0,
    0.0,
    0.0,
    0.0,
    0.0,
    0.0,
    0.0,
    0.0,
    0.0,
    0.0,
    0.0,
    0.0,
    0.0,
    0.0,
    0.0,
    0.0,
    0.0,
    0.0,
    0.0,
    0.0,
    0.0,
    0.0,
    0.0,
    0.0,
    0.0,
    0.0,
    0.0,
    0.0,
    0.0,
    0.0,
    0.0,
    0.0,
    0.0,
    0.0,
    0.0,
    0.0,
    0.0,
    0.7264,
    0.0,
    0.0,
    0.0,
    0.0,
    0.0,
    0.6796,
    0.0,
    0.0,
    0.0,
    0.0,
    0.0,
    0.0,
    0.0,
    0.0,
    0.0,
    0.0,
    0.0,
    0.0,
    0.0,
    0.0,
    0.4924,
    0.0
  ],
  "episode_lengths": [
    250,
    250,
    250,
    250,
    250,
    250,
    250,
    250,
    250,
    250,
    250,
    250,
    250,
    250,
    250,
    128,
    250,
    218,
    250,
    250,
    250,
    250,
    250,
    250,
    250,
    250,
    250,
    250,
    250,
    250,
    250,
    250,
    250,
    250,
    250,
    250,
    250,
    250,
    250,
    250,
    250,
    250,
    250,
    250,
    250,
    250,
    250,
    250,
    250,
    250,
    250,
    250,
    250,
    250,
    250,
    250,
    250,
    250,
    250,
    250,
    250,
    250,
    250,
    250,
    250,
    250,
    250,
    250,
    250,
    250,
    250,
    250,
    250,
    250,
    250,
    250,
    250,
    250,
    206,
    250,
    250,
    250,
    250,
    250,
    250,
    250,
    250,
    250,
    250,
    250,
    250,
    250,
    250,
    250,
    250,
    250,
    250,
    250,
    250,
    250,
    250,
    250,
    250,
    250,
    250,
    250,
    250,
    250,
    250,
    250,
    250,
    250,
    250,
    250,
    250,
    250,
    250,
    250,
    250,
    250,
    250,
    250,
    250,
    154,
    250,
    250,
    250,
    250,
    250,
    250,
    250,
    250,
    250,
    250,
    250,
    250,
    250,
    250,
    250,
    250,
    250,
    250,
    250,
    250,
    250,
    250,
    250,
    250,
    250,
    250,
    250,
    250,
    250,
    250,
    250,
    250,
    250,
    250,
    250,
    250,
    250,
    250,
    250,
    250,
    250,
    250,
    250,
    250,
    250,
    250,
    250,
    250,
    250,
    250,
    250,
    250,
    250,
    250,
    250,
    76,
    250,
    250,
    250,
    250,
    250,
    89,
    250,
    250,
    250,
    250,
    250,
    250,
    250,
    250,
    250,
    250,
    250,
    250,
    250,
    250,
    141,
    250
  ],
  "final_eval_mean": 0.0,
  "final_eval_std": 0.0
}