{
  "algo": "DQN",
  "env": "doorkey_5x5",
  "seed": 1,
  "timesteps": [
    250,
    500,
    750,
    1000,
    1250,
    1500,
    1750,
    2000,
    2250,
    2500,
    2750,
    3000,
    3250,
    3500,
    3750,
    4000,
    4250,
    4500,
    4750,
    5000,
    5250,
    5500,
    5750,
    6000,
    6250,
    6500,
    6750,
    7000,
    7250,
    7500,
    7750,
    8000,
    8250,
    8500,
    8750,
    9000,
    9250,
    9500,
    9750,
    10000,
    10250,
    10500,
    10750,
    11000,
    11250,
    11500,
    11750,
    12000,
    12250,
    12500,
    12750,
    13000,
    13250,
    13500,
    13750,
    14000,
    14250,
    14500,
    14750,
    15000,
    15250,
    15500,
    15750,
    16000,
    16250,
    16500,
    16750,
    17000,
    17250,
    17500,
    17750,
    18000,
    18250,
    18500,
    18750,
    19000,
    19250,
    19500,
    19750,
    20000,
    20250,
    20500,
    20750,
    21000,
    21250,
    21500,
    21750,
    22000,
    22250,
    22500,
    22750,
    23000,
    23250,
    23500,
    23750,
    24000,
    24250,
    24500,
    24750,
    25000,
    25250,
    25500,
    25750,
    26000,
    26250,
    26500,
    26750,
    27000,
    27250,
    27500,
    27750,
    28000,
    28250,
    28500,
    28750,
    29000,
    29250,
    29500,
    29750,
    30000,
    30250,
    30500,
    30750,
    31000,
    31250,
    31500,
    31750,
    32000,
    32250,
    32500,
    32750,
    33000,
    33250,
    33500,
    33750,
    34000,
    34250,
    34500,
    34750,
    35000,
    35250,
    35500,
    35750,
    36000,
    36250,
    36500,
    36750,
    37000,
    37250,
    37500,
    37750,
    38000,
    38250,
    38500,
    38750,
    39000,
    39250,
    39500,
    39750,
    40000,
    40250,
    40500,
    40750,
    41000,
    41250,
    41500,
    41750,
    42000,
    42250,
    42500,
    42750,
    43000,
    43250,
    43500,
    43750,
    44000,
    44250,
    44500,
    44750,
    45000,
    45250,
    45500,
    45750,
    46000,
    46250,
    46500,
    46750,
    47000,
    47250,
    47500,
    47750,
    48000,
    48250,
    48500,
    48750,
    49000,
    49250,
    49500,
    49750,
    50000
  ],
  "episode_rewards": [
    0.0,
    0.0,
    0.0,
    0.0,
    0.0,
    0.0,
    0.0,
    0.0,
    0.0,
    0.0,
    0.0,
    0.0,
    0.0,
    0.0,
    0.0,
    0.0,
    0.0,
    0.0,
    0.0,
    0.0,
    0.0,
    0.0,
    0.0,
    0.0,
    0.0,
    0.0,
    0.0,
    0.0,
    0.0,
    0.0,
    0.0,
    0.0,
    0.0,
    0.0,
    0.0,
    0.0,
    0.0,
    0.0,
    0.0,
    0.0,
    0.0,
    0.0,
    0.0,
    0.0,
    0.0,
    0.0,
    0.0,
    0.0,
    0.0,
    0.0,
    0.0,
    0.0,
    0.0,
    0.0,
    0.0,
    0.0,
    0.0,
    0.0,
    0.0,
    0.0,
    0.0,
    0.0,
    0.0,
    0.0,
    0.0,
    0.0,
    0.0,
    0.0,
    0.0,
    0.0,
    0.0,
    0.0,
    0.0,
    0.0,
    0.0,
    0.0,
    0.0,
    0.0,
    0.0,
    0.0,
    0.0,
    0.0,
    0.0,
    0.0,
    0.0,
    0.0,
    0.0,
    0.0,
    0.0,
    0.0,
    0.0,
    0.0,
    0.0,
    0.0,
    0.0,
    0.0,
    0.0,
    0.0,
    0.0,
    0.0,
    0.0,
    0.0,
    0.0,
    0.0,
    0.0,
    0.0,
    0.0,
    0.0,
    0.0,
    0.0,
    0.0,
    0.0,
    0.0,
    0.0,
    0.0,
    0.0,
    0.0,
    0.0,
    0.0,
    0.0,
    0.0,
    0.0,
    0.0,
    0.0,
    0.0,
    0.0,
    0.0,
    0.0,
    0.0,
    0.0,
    0.0,
    0.0,
    0.0,
    0.0,
    0.0,
    0.0,
    0.0,
    0.0,
    0.0,
    0.0,
    0.0,
    0.0,
    0.0,
    0.0,
    0.0,
    0.0,
    0.0,
    0.0,
    0.0,
    0.0,
    0.0,
    0.0,
    0.0,
    0.0,
    0.0,
    0.0,
    0.0,
    0.0,
    0.0,
    0.0,
    0.0,
    0.0,
    0.0,
    0.0,
    0.0,
    0.0,
    0.0,
    0.0,
    0.0,
    0.0,
    0.0,
    0.0,
    0.0,
    0.0,
    0.0,
    0.0,
    0.0,
    0.0,
    0.0,
    0.0,
    0.0,
    0.0,
    0.0,
    0.0,
    0.0,
    0.0,
    0.0,
    0.0,
    0.0,
    0.0,
    0.0,
    0.0,
    0.0,
    0.0,
    0.0,
    0.0,
    0.0,
    0.0,
    0.0,
    0.0
  ],
  "episode_lengths": [
    250,
    250,
    250,
    250,
    250,
    250,
    250,
    250,
    250,
    250,
    250,
    250,
    250,
    250,
    250,
    250,
    250,
    250,
    250,
    250,
    250,
    250,
    250,
    250,
    250,
    250,
    250,
    250,
    250,
    250,
    250,
    250,
    250,
    250,
    250,
    250,
    250,
    250,
    250,
    250,
    250,
    250,
    250,
    250,
    250,
    250,
    250,
    250,
    250,
    250,
    250,
    250,
    250,
    250,
    250,
    250,
    250,
    250,
    250,
    250,
    250,
    250,
    250,
    250,
    250,
    250,
    250,
    250,
    250,
    250,
    250,
    250,
    250,
    250,
    250,
    250,
    250,
    250,
    250,
    250,
    250,
    250,
    250,
    250,
    250,
    250,
    250,
    250,
    250,
    250,
    250,
    250,
    250,
    250,
    250,
    250,
    250,
    250,
    250,
    250,
    250,
    250,
    250,
    250,
    250,
    250,
    250,
    250,
    250,
    250,
    250,
    250,
    250,
    250,
    250,
    250,
    250,
    250,
    250,
    250,
    250,
    250,
    250,
    250,
    250,
    250,
    250,
    250,
    250,
    250,
    250,
    250,
    250,
    250,
    250,
    250,
    250,
    250,
    250,
    250,
    250,
    250,
    250,
    250,
    250,
    250,
    250,
    250,
    250,
    250,
    250,
    250,
    250,
    250,
    250,
    250,
    250,
    250,
    250,
    250,
    250,
    250,
    250,
    250,
    250,
    250,
    250,
    250,
    250,
    250,
    250,
    250,
    250,
    250,
    250,
    250,
    250,
    250,
    250,
    250,
    250,
    250,
    250,
    250,
    250,
    250,
    250,
    250,
    250,
    250,
    250,
    250,
    250,
    250,
    250,
    250,
    250,
    250,
    250,
    250
  ],
  "final_eval_mean": 0.0,
  "final_eval_std": 0.0
}