{
  "algo": "DQN",
  "env": "doorkey_5x5",
  "seed": 3,
  "timesteps": [
    250,
    500,
    750,
    1000,
    1250,
    1500,
    1750,
    2000,
    2246,
    2496,
    2746,
    2996,
    3246,
    3496,
    3746,
    3996,
    4246,
    4496,
    4746,
    4996,
    5246,
    5496,
    5746,
    5996,
    6246,
    6496,
    6746,
    6996,
    7246,
    7496,
    7746,
    7996,
    8246,
    8496,
    8746,
    8996,
    9246,
    9496,
    9746,
    9996,
    10246,
    10496,
    10746,
    10996,
    11246,
    11496,
    11746,
    11996,
    12246,
    12496,
    12746,
    12996,
    13246,
    13496,
    13746,
    13996,
    14246,
    14496,
    14746,
    14996,
    15246,
    15496,
    15746,
    15996,
    16246,
    16496,
    16746,
    16996,
    17246,
    17496,
    17746,
    17996,
    18246,
    18496,
    18746,
    18996,
    19246,
    19496,
    19746,
    19996,
    20246,
    20496,
    20746,
    20996,
    21246,
    21496,
    21746,
    21996,
    22246,
    22496,
    22746,
    22996,
    23246,
    23496,
    23746,
    23996,
    24246,
    24496,
    24746,
    24996,
    25246,
    25496,
    25746,
    25996,
    26246,
    26496,
    26746,
    26996,
    27246,
    27496,
    27746,
    27996,
    28246,
    28496,
    28746,
    28996,
    29246,
    29496,
    29746,
    29996,
    30246,
    30496,
    30746,
    30996,
    31246,
    31496,
    31746,
    31996,
    32246,
    32496,
    32746,
    32996,
    33246,
    33496,
    33746,
    33996,
    34246,
    34496,
    34746,
    34996,
    35246,
    35496,
    35746,
    35996,
    36246,
    36496,
    36746,
    36996,
    37246,
    37496,
    37746,
    37996,
    38246,
    38496,
    38746,
    38996,
    39246,
    39496,
    39746,
    39996,
    40246,
    40496,
    40746,
    40996,
    41246,
    41496,
    41746,
    41996,
    42246,
    42496,
    42746,
    42996,
    43246,
    43496,
    43746,
    43996,
    44246,
    44496,
    44746,
    44996,
    45246,
    45496,
    45746,
    45996,
    46246,
    46496,
    46746,
    46996,
    47246,
    47496,
    47746,
    47996,
    48246,
    48496,
    48746,
    48996,
    49246,
    49496,
    49746,
    49996
  ],
  "episode_rewards": [
    0.0,
    0.0,
    0.0,
    0.0,
    0.0,
    0.0,
    0.0,
    0.0,
    0.1144,
    0.0,
    0.0,
    0.0,
    0.0,
    0.0,
    0.0,
    0.0,
    0.0,
    0.0,
    0.0,
    0.0,
    0.0,
    0.0,
    0.0,
    0.0,
    0.0,
    0.0,
    0.0,
    0.0,
    0.0,
    0.0,
    0.0,
    0.0,
    0.0,
    0.0,
    0.0,
    0.0,
    0.0,
    0.0,
    0.0,
    0.0,
    0.0,
    0.0,
    0.0,
    0.0,
    0.0,
    0.0,
    0.0,
    0.0,
    0.0,
    0.0,
    0.0,
    0.0,
    0.0,
    0.0,
    0.0,
    0.0,
    0.0,
    0.0,
    0.0,
    0.0,
    0.0,
    0.0,
    0.0,
    0.0,
    0.0,
    0.0,
    0.0,
    0.0,
    0.0,
    0.0,
    0.0,
    0.0,
    0.0,
    0.0,
    0.0,
    0.0,
    0.0,
    0.0,
    0.0,
    0.0,
    0.0,
    0.0,
    0.0,
    0.0,
    0.0,
    0.0,
    0.0,
    0.0,
    0.0,
    0.0,
    0.0,
    0.0,
    0.0,
    0.0,
    0.0,
    0.0,
    0.0,
    0.0,
    0.0,
    0.0,
    0.0,
    0.0,
    0.0,
    0.0,
    0.0,
    0.0,
    0.0,
    0.0,
    0.0,
    0.0,
    0.0,
    0.0,
    0.0,
    0.0,
    0.0,
    0.0,
    0.0,
    0.0,
    0.0,
    0.0,
    0.0,
    0.0,
    0.0,
    0.0,
    0.0,
    0.0,
    0.0,
    0.0,
    0.0,
    0.0,
    0.0,
    0.0,
    0.0,
    0.0,
    0.0,
    0.0,
    0.0,
    0.0,
    0.0,
    0.0,
    0.0,
    0.0,
    0.0,
    0.0,
    0.0,
    0.0,
    0.0,
    0.0,
    0.0,
    0.0,
    0.0,
    0.0,
    0.0,
    0.0,
    0.0,
    0.0,
    0.0,
    0.0,
    0.0,
    0.0,
    0.0,
    0.0,
    0.0,
    0.0,
    0.0,
    0.0,
    0.0,
    0.0,
    0.0,
    0.0,
    0.0,
    0.0,
    0.0,
    0.0,
    0.0,
    0.0,
    0.0,
    0.0,
    0.0,
    0.0,
    0.0,
    0.0,
    0.0,
    0.0,
    0.0,
    0.0,
    0.0,
    0.0,
    0.0,
    0.0,
    0.0,
    0.0,
    0.0,
    0.0,
    0.0,
    0.0,
    0.0,
    0.0,
    0.0,
    0.0
  ],
  "episode_lengths": [
    250,
    250,
    250,
    250,
    250,
    250,
    250,
    250,
    246,
    250,
    250,
    250,
    250,
    250,
    250,
    250,
    250,
    250,
    250,
    250,
    250,
    250,
    250,
    250,
    250,
    250,
    250,
    250,
    250,
    250,
    250,
    250,
    250,
    250,
    250,
    250,
    250,
    250,
    250,
    250,
    250,
    250,
    250,
    250,
    250,
    250,
    250,
    250,
    250,
    250,
    250,
    250,
    250,
    250,
    250,
    250,
    250,
    250,
    250,
    250,
    250,
    250,
    250,
    250,
    250,
    250,
    250,
    250,
    250,
    250,
    250,
    250,
    250,
    250,
    250,
    250,
    250,
    250,
    250,
    250,
    250,
    250,
    250,
    250,
    250,
    250,
    250,
    250,
    250,
    250,
    250,
    250,
    250,
    250,
    250,
    250,
    250,
    250,
    250,
    250,
    250,
    250,
    250,
    250,
    250,
    250,
    250,
    250,
    250,
    250,
    250,
    250,
    250,
    250,
    250,
    250,
    250,
    250,
    250,
    250,
    250,
    250,
    250,
    250,
    250,
    250,
    250,
    250,
    250,
    250,
    250,
    250,
    250,
    250,
    250,
    250,
    250,
    250,
    250,
    250,
    250,
    250,
    250,
    250,
    250,
    250,
    250,
    250,
    250,
    250,
    250,
    250,
    250,
    250,
    250,
    250,
    250,
    250,
    250,
    250,
    250,
    250,
    250,
    250,
    250,
    250,
    250,
    250,
    250,
    250,
    250,
    250,
    250,
    250,
    250,
    250,
    250,
    250,
    250,
    250,
    250,
    250,
    250,
    250,
    250,
    250,
    250,
    250,
    250,
    250,
    250,
    250,
    250,
    250,
    250,
    250,
    250,
    250,
    250,
    250
  ],
  "final_eval_mean": 0.0,
  "final_eval_std": 0.0
}