{
  "algo": "PPO",
  "env": "doorkey_8x8",
  "seed": 4,
  "timesteps": [
    640,
    1280,
    1920,
    2560,
    3200,
    3840,
    4480,
    5120,
    5760,
    6400,
    7040,
    7680,
    8320,
    8960,
    9600,
    10240,
    10880,
    11520,
    12160,
    12800,
    13440,
    14080,
    14720,
    15360,
    16000,
    16640,
    17280,
    17920,
    18560,
    19200,
    19840,
    20480,
    21120,
    21696,
    22336,
    22976,
    23616,
    24256,
    24896,
    25536,
    26176,
    26418,
    27058,
    27698,
    28338,
    28978,
    29618,
    30258,
    30898,
    31538,
    32178,
    32818,
    33458,
    34098,
    34738,
    35378,
    36018,
    36658,
    37298,
    37938,
    38578,
    39218,
    39858,
    40498,
    41138,
    41778,
    42418,
    43058,
    43698,
    44338,
    44978,
    45618,
    46258,
    46898,
    47538,
    48178,
    48818,
    49458,
    50098,
    50738
  ],
  "episode_rewards": [
    0.0,
    0.0,
    0.0,
    0.0,
    0.0,
    0.0,
    0.0,
    0.0,
    0.0,
    0.0,
    0.0,
    0.0,
    0.0,
    0.0,
    0.0,
    0.0,
    0.0,
    0.0,
    0.0,
    0.0,
    0.0,
    0.0,
    0.0,
    0.0,
    0.0,
    0.0,
    0.0,
    0.0,
    0.0,
    0.0,
    0.0,
    0.0,
    0.0,
    0.19,
    0.0,
    0.0,
    0.0,
    0.0,
    0.0,
    0.0,
    0.0,
    0.659687,
    0.0,
    0.0,
    0.0,
    0.0,
    0.0,
    0.0,
    0.0,
    0.0,
    0.0,
    0.0,
    0.0,
    0.0,
    0.0,
    0.0,
    0.0,
    0.0,
    0.0,
    0.0,
    0.0,
    0.0,
    0.0,
    0.0,
    0.0,
    0.0,
    0.0,
    0.0,
    0.0,
    0.0,
    0.0,
    0.0,
    0.0,
    0.0,
    0.0,
    0.0,
    0.0,
    0.0,
    0.0,
    0.0
  ],
  "episode_lengths": [
    640,
    640,
    640,
    640,
    640,
    640,
    640,
    640,
    640,
    640,
    640,
    640,
    640,
    640,
    640,
    640,
    640,
    640,
    640,
    640,
    640,
    640,
    640,
    640,
    640,
    640,
    640,
    640,
    640,
    640,
    640,
    640,
    640,
    576,
    640,
    640,
    640,
    640,
    640,
    640,
    640,
    242,
    640,
    640,
    640,
    640,
    640,
    640,
    640,
    640,
    640,
    640,
    640,
    640,
    640,
    640,
    640,
    640,
    640,
    640,
    640,
    640,
    640,
    640,
    640,
    640,
    640,
    640,
    640,
    640,
    640,
    640,
    640,
    640,
    640,
    640,
    640,
    640,
    640,
    640
  ],
  "final_eval_mean": 0.0,
  "final_eval_std": 0.0
}