{
  "algo": "PPO",
  "env": "doorkey_8x8",
  "seed": 3,
  "timesteps": [
    640,
    1280,
    1920,
    2560,
    3200,
    3840,
    4480,
    5120,
    5645,
    6285,
    6925,
    7565,
    8205,
    8845,
    9485,
    10125,
    10765,
    11405,
    12045,
    12685,
    13325,
    13965,
    14605,
    15245,
    15885,
    16525,
    17165,
    17805,
    18445,
    19085,
    19725,
    20365,
    21005,
    21645,
    22285,
    22925,
    23565,
    24205,
    24845,
    25485,
    26125,
    26765,
    27405,
    28045,
    28685,
    29325,
    29965,
    30605,
    31245,
    31885,
    32525,
    33165,
    33805,
    34445,
    35085,
    35725,
    36365,
    37005,
    37645,
    38285,
    38925,
    39565,
    40205,
    40845,
    41485,
    42125,
    42765,
    43405,
    44045,
    44685,
    45325,
    45965,
    46605,
    47245,
    47885,
    48525,
    49165,
    49805,
    50445,
    51085
  ],
  "episode_rewards": [
    0.0,
    0.0,
    0.0,
    0.0,
    0.0,
    0.0,
    0.0,
    0.0,
    0.261719,
    0.0,
    0.0,
    0.0,
    0.0,
    0.0,
    0.0,
    0.0,
    0.0,
    0.0,
    0.0,
    0.0,
    0.0,
    0.0,
    0.0,
    0.0,
    0.0,
    0.0,
    0.0,
    0.0,
    0.0,
    0.0,
    0.0,
    0.0,
    0.0,
    0.0,
    0.0,
    0.0,
    0.0,
    0.0,
    0.0,
    0.0,
    0.0,
    0.0,
    0.0,
    0.0,
    0.0,
    0.0,
    0.0,
    0.0,
    0.0,
    0.0,
    0.0,
    0.0,
    0.0,
    0.0,
    0.0,
    0.0,
    0.0,
    0.0,
    0.0,
    0.0,
    0.0,
    0.0,
    0.0,
    0.0,
    0.0,
    0.0,
    0.0,
    0.0,
    0.0,
    0.0,
    0.0,
    0.0,
    0.0,
    0.0,
    0.0,
    0.0,
    0.0,
    0.0,
    0.0,
    0.0
  ],
  "episode_lengths": [
    640,
    640,
    640,
    640,
    640,
    640,
    640,
    640,
    525,
    640,
    640,
    640,
    640,
    640,
    640,
    640,
    640,
    640,
    640,
    640,
    640,
    640,
    640,
    640,
    640,
    640,
    640,
    640,
    640,
    640,
    640,
    640,
    640,
    640,
    640,
    640,
    640,
    640,
    640,
    640,
    640,
    640,
    640,
    640,
    640,
    640,
    640,
    640,
    640,
    640,
    640,
    640,
    640,
    640,
    640,
    640,
    640,
    640,
    640,
    640,
    640,
    640,
    640,
    640,
    640,
    640,
    640,
    640,
    640,
    640,
    640,
    640,
    640,
    640,
    640,
    640,
    640,
    640,
    640,
    640
  ],
  "final_eval_mean": 0.0,
  "final_eval_std": 0.0
}