{
  "algo": "PPO",
  "env": "doorkey_8x8",
  "seed": 5,
  "timesteps": [
    640,
    1280,
    1920,
    2560,
    3200,
    3840,
    4480,
    5120,
    5760,
    6400,
    7040,
    7680,
    8320,
    8960,
    9600,
    10240,
    10880,
    11463,
    12103,
    12743,
    13383,
    14023,
    14663,
    15303,
    15943,
    16583,
    17223,
    17863,
    18503,
    19143,
    19783,
    20423,
    21063,
    21703,
    22343,
    22983,
    23623,
    24263,
    24903,
    25543,
    26183,
    26823,
    27463,
    28103,
    28743,
    29383,
    30023,
    30663,
    31303,
    31943,
    32583,
    33223,
    33863,
    34503,
    35143,
    35783,
    36423,
    37063,
    37703,
    38343,
    38983,
    39623,
    40263,
    40903,
    41543,
    42183,
    42823,
    43463,
    44103,
    44743,
    45383,
    46023,
    46663,
    47303,
    47943,
    48583,
    49223,
    49863,
    50503,
    51143
  ],
  "episode_rewards": [
    0.0,
    0.0,
    0.0,
    0.0,
    0.0,
    0.0,
    0.0,
    0.0,
    0.0,
    0.0,
    0.0,
    0.0,
    0.0,
    0.0,
    0.0,
    0.0,
    0.0,
    0.180156,
    0.0,
    0.0,
    0.0,
    0.0,
    0.0,
    0.0,
    0.0,
    0.0,
    0.0,
    0.0,
    0.0,
    0.0,
    0.0,
    0.0,
    0.0,
    0.0,
    0.0,
    0.0,
    0.0,
    0.0,
    0.0,
    0.0,
    0.0,
    0.0,
    0.0,
    0.0,
    0.0,
    0.0,
    0.0,
    0.0,
    0.0,
    0.0,
    0.0,
    0.0,
    0.0,
    0.0,
    0.0,
    0.0,
    0.0,
    0.0,
    0.0,
    0.0,
    0.0,
    0.0,
    0.0,
    0.0,
    0.0,
    0.0,
    0.0,
    0.0,
    0.0,
    0.0,
    0.0,
    0.0,
    0.0,
    0.0,
    0.0,
    0.0,
    0.0,
    0.0,
    0.0,
    0.0
  ],
  "episode_lengths": [
    640,
    640,
    640,
    640,
    640,
    640,
    640,
    640,
    640,
    640,
    640,
    640,
    640,
    640,
    640,
    640,
    640,
    583,
    640,
    640,
    640,
    640,
    640,
    640,
    640,
    640,
    640,
    640,
    640,
    640,
    640,
    640,
    640,
    640,
    640,
    640,
    640,
    640,
    640,
    640,
    640,
    640,
    640,
    640,
    640,
    640,
    640,
    640,
    640,
    640,
    640,
    640,
    640,
    640,
    640,
    640,
    640,
    640,
    640,
    640,
    640,
    640,
    640,
    640,
    640,
    640,
    640,
    640,
    640,
    640,
    640,
    640,
    640,
    640,
    640,
    640,
    640,
    640,
    640,
    640
  ],
  "final_eval_mean": 0.0,
  "final_eval_std": 0.0
}