{
  "algo": "A2C",
  "env": "doorkey_5x5",
  "seed": 3,
  "timesteps": [
    250,
    500,
    750,
    1000,
    1250,
    1500,
    1750,
    2000,
    2250,
    2500,
    2750,
    3000,
    3250,
    3500,
    3750,
    4000,
    4250,
    4500,
    4750,
    5000,
    5250,
    5500,
    5750,
    6000,
    6250,
    6500,
    6750,
    7000,
    7250,
    7500,
    7750,
    8000,
    8250,
    8500,
    8750,
    9000,
    9250,
    9429,
    9679,
    9929,
    10179,
    10429,
    10679,
    10929,
    11179,
    11429,
    11679,
    11929,
    12179,
    12429,
    12679,
    12929,
    13179,
    13415,
    13665,
    13915,
    14165,
    14415,
    14665,
    14915,
    15165,
    15415,
    15594,
    15844,
    15935,
    16168,
    16418,
    16668,
    16918,
    17168,
    17418,
    17668,
    17918,
    18168,
    18370,
    18620,
    18870,
    19120,
    19370,
    19620,
    19870,
    20120,
    20370,
    20620,
    20870,
    21120,
    21370,
    21620,
    21870,
    22120,
    22370,
    22620,
    22870,
    23068,
    23280,
    23530,
    23780,
    24030,
    24280,
    24530,
    24780,
    25030,
    25280,
    25530,
    25764,
    26014,
    26264,
    26514,
    26764,
    27014,
    27264,
    27514,
    27764,
    28014,
    28264,
    28514,
    28764,
    29014,
    29264,
    29514,
    29764,
    30014,
    30264,
    30514,
    30764,
    31014,
    31264,
    31514,
    31764,
    32014,
    32264,
    32514,
    32734,
    32984,
    33234,
    33484,
    33734,
    33984,
    34234,
    34484,
    34734,
    34984,
    35234,
    35484,
    35734,
    35984,
    36234,
    36484,
    36734,
    36984,
    37234,
    37484,
    37734,
    37984,
    38234,
    38484,
    38734,
    38984,
    39150,
    39400,
    39650,
    39900,
    40150,
    40400,
    40495,
    40745,
    40995,
    41245,
    41495,
    41745,
    41995,
    42245,
    42495,
    42745,
    42995,
    43245,
    43495,
    43745,
    43899,
    44149,
    44399,
    44518,
    44768,
    45013,
    45263,
    45513,
    45609,
    45753,
    46003,
    46253,
    46503,
    46753,
    47003,
    47201,
    47451,
    47701,
    47951,
    48201,
    48451,
    48701,
    48951,
    49173,
    49423,
    49673,
    49923
  ],
  "episode_rewards": [
    0.0,
    0.0,
    0.0,
    0.0,
    0.0,
    0.0,
    0.0,
    0.0,
    0.0,
    0.0,
    0.0,
    0.0,
    0.0,
    0.0,
    0.0,
    0.0,
    0.0,
    0.0,
    0.0,
    0.0,
    0.0,
    0.0,
    0.0,
    0.0,
    0.0,
    0.0,
    0.0,
    0.0,
    0.0,
    0.0,
    0.0,
    0.0,
    0.0,
    0.0,
    0.0,
    0.0,
    0.0,
    0.3556,
    0.0,
    0.0,
    0.0,
    0.0,
    0.0,
    0.0,
    0.0,
    0.0,
    0.0,
    0.0,
    0.0,
    0.0,
    0.0,
    0.0,
    0.0,
    0.1504,
    0.0,
    0.0,
    0.0,
    0.0,
    0.0,
    0.0,
    0.0,
    0.0,
    0.3556,
    0.0,
    0.6724,
    0.1612,
    0.0,
    0.0,
    0.0,
    0.0,
    0.0,
    0.0,
    0.0,
    0.0,
    0.2728,
    0.0,
    0.0,
    0.0,
    0.0,
    0.0,
    0.0,
    0.0,
    0.0,
    0.0,
    0.0,
    0.0,
    0.0,
    0.0,
    0.0,
    0.0,
    0.0,
    0.0,
    0.0,
    0.2872,
    0.2368,
    0.0,
    0.0,
    0.0,
    0.0,
    0.0,
    0.0,
    0.0,
    0.0,
    0.0,
    0.1576,
    0.0,
    0.0,
    0.0,
    0.0,
    0.0,
    0.0,
    0.0,
    0.0,
    0.0,
    0.0,
    0.0,
    0.0,
    0.0,
    0.0,
    0.0,
    0.0,
    0.0,
    0.0,
    0.0,
    0.0,
    0.0,
    0.0,
    0.0,
    0.0,
    0.0,
    0.0,
    0.0,
    0.208,
    0.0,
    0.0,
    0.0,
    0.0,
    0.0,
    0.0,
    0.0,
    0.0,
    0.0,
    0.0,
    0.0,
    0.0,
    0.0,
    0.0,
    0.0,
    0.0,
    0.0,
    0.0,
    0.0,
    0.0,
    0.0,
    0.0,
    0.0,
    0.0,
    0.0,
    0.4024,
    0.0,
    0.0,
    0.0,
    0.0,
    0.0,
    0.658,
    0.0,
    0.0,
    0.0,
    0.0,
    0.0,
    0.0,
    0.0,
    0.0,
    0.0,
    0.0,
    0.0,
    0.0,
    0.0,
    0.4456,
    0.0,
    0.0,
    0.5716,
    0.0,
    0.118,
    0.0,
    0.0,
    0.6544,
    0.4816,
    0.0,
    0.0,
    0.0,
    0.0,
    0.0,
    0.2872,
    0.0,
    0.0,
    0.0,
    0.0,
    0.0,
    0.0,
    0.0,
    0.2008,
    0.0,
    0.0,
    0.0
  ],
  "episode_lengths": [
    250,
    250,
    250,
    250,
    250,
    250,
    250,
    250,
    250,
    250,
    250,
    250,
    250,
    250,
    250,
    250,
    250,
    250,
    250,
    250,
    250,
    250,
    250,
    250,
    250,
    250,
    250,
    250,
    250,
    250,
    250,
    250,
    250,
    250,
    250,
    250,
    250,
    179,
    250,
    250,
    250,
    250,
    250,
    250,
    250,
    250,
    250,
    250,
    250,
    250,
    250,
    250,
    250,
    236,
    250,
    250,
    250,
    250,
    250,
    250,
    250,
    250,
    179,
    250,
    91,
    233,
    250,
    250,
    250,
    250,
    250,
    250,
    250,
    250,
    202,
    250,
    250,
    250,
    250,
    250,
    250,
    250,
    250,
    250,
    250,
    250,
    250,
    250,
    250,
    250,
    250,
    250,
    250,
    198,
    212,
    250,
    250,
    250,
    250,
    250,
    250,
    250,
    250,
    250,
    234,
    250,
    250,
    250,
    250,
    250,
    250,
    250,
    250,
    250,
    250,
    250,
    250,
    250,
    250,
    250,
    250,
    250,
    250,
    250,
    250,
    250,
    250,
    250,
    250,
    250,
    250,
    250,
    220,
    250,
    250,
    250,
    250,
    250,
    250,
    250,
    250,
    250,
    250,
    250,
    250,
    250,
    250,
    250,
    250,
    250,
    250,
    250,
    250,
    250,
    250,
    250,
    250,
    250,
    166,
    250,
    250,
    250,
    250,
    250,
    95,
    250,
    250,
    250,
    250,
    250,
    250,
    250,
    250,
    250,
    250,
    250,
    250,
    250,
    154,
    250,
    250,
    119,
    250,
    245,
    250,
    250,
    96,
    144,
    250,
    250,
    250,
    250,
    250,
    198,
    250,
    250,
    250,
    250,
    250,
    250,
    250,
    222,
    250,
    250,
    250
  ],
  "final_eval_mean": 0.0,
  "final_eval_std": 0.0
}