{
  "algo": "A2C",
  "env": "doorkey_5x5",
  "seed": 2,
  "timesteps": [
    250,
    500,
    750,
    1000,
    1250,
    1500,
    1750,
    2000,
    2250,
    2500,
    2750,
    3000,
    3250,
    3500,
    3750,
    4000,
    4250,
    4500,
    4750,
    5000,
    5250,
    5500,
    5750,
    6000,
    6196,
    6446,
    6696,
    6946,
    7133,
    7383,
    7633,
    7883,
    8133,
    8383,
    8547,
    8797,
    9047,
    9297,
    9547,
    9797,
    10047,
    10297,
    10547,
    10797,
    11047,
    11297,
    11547,
    11787,
    12037,
    12287,
    12537,
    12787,
    13037,
    13287,
    13537,
    13787,
    14037,
    14287,
    14537,
    14787,
    15037,
    15287,
    15537,
    15787,
    16037,
    16287,
    16462,
    16712,
    16962,
    17212,
    17462,
    17712,
    17962,
    18212,
    18351,
    18601,
    18851,
    19101,
    19351,
    19601,
    19851,
    20101,
    20351,
    20601,
    20851,
    21101,
    21351,
    21601,
    21760,
    21987,
    22237,
    22487,
    22737,
    22987,
    23237,
    23487,
    23737,
    23974,
    24031,
    24281,
    24531,
    24781,
    25031,
    25281,
    25531,
    25781,
    26031,
    26281,
    26482,
    26732,
    26982,
    27232,
    27482,
    27732,
    27982,
    28232,
    28482,
    28598,
    28848,
    29098,
    29348,
    29598,
    29848,
    30098,
    30348,
    30598,
    30848,
    31098,
    31348,
    31509,
    31759,
    32009,
    32259,
    32509,
    32759,
    33009,
    33259,
    33509,
    33759,
    34009,
    34044,
    34294,
    34544,
    34794,
    35044,
    35294,
    35544,
    35794,
    36044,
    36294,
    36544,
    36794,
    37044,
    37145,
    37395,
    37645,
    37895,
    38145,
    38395,
    38645,
    38895,
    39145,
    39395,
    39645,
    39801,
    40051,
    40123,
    40265,
    40515,
    40765,
    41015,
    41265,
    41515,
    41765,
    42015,
    42265,
    42515,
    42765,
    43015,
    43265,
    43515,
    43765,
    44015,
    44265,
    44515,
    44765,
    45015,
    45265,
    45428,
    45678,
    45928,
    45962,
    46138,
    46388,
    46638,
    46888,
    47134,
    47384,
    47634,
    47884,
    48134,
    48193,
    48443,
    48693,
    48875,
    49125,
    49375,
    49433,
    49683,
    49933
  ],
  "episode_rewards": [
    0.0,
    0.0,
    0.0,
    0.0,
    0.0,
    0.0,
    0.0,
    0.0,
    0.0,
    0.0,
    0.0,
    0.0,
    0.0,
    0.0,
    0.0,
    0.0,
    0.0,
    0.0,
    0.0,
    0.0,
    0.0,
    0.0,
    0.0,
    0.0,
    0.2944,
    0.0,
    0.0,
    0.0,
    0.3268,
    0.0,
    0.0,
    0.0,
    0.0,
    0.0,
    0.4096,
    0.0,
    0.0,
    0.0,
    0.0,
    0.0,
    0.0,
    0.0,
    0.0,
    0.0,
    0.0,
    0.0,
    0.0,
    0.136,
    0.0,
    0.0,
    0.0,
    0.0,
    0.0,
    0.0,
    0.0,
    0.0,
    0.0,
    0.0,
    0.0,
    0.0,
    0.0,
    0.0,
    0.0,
    0.0,
    0.0,
    0.0,
    0.37,
    0.0,
    0.0,
    0.0,
    0.0,
    0.0,
    0.0,
    0.0,
    0.4996,
    0.0,
    0.0,
    0.0,
    0.0,
    0.0,
    0.0,
    0.0,
    0.0,
    0.0,
    0.0,
    0.0,
    0.0,
    0.0,
    0.4276,
    0.1828,
    0.0,
    0.0,
    0.0,
    0.0,
    0.0,
    0.0,
    0.0,
    0.1468,
    0.7948,
    0.0,
    0.0,
    0.0,
    0.0,
    0.0,
    0.0,
    0.0,
    0.0,
    0.0,
    0.2764,
    0.0,
    0.0,
    0.0,
    0.0,
    0.0,
    0.0,
    0.0,
    0.0,
    0.5824,
    0.0,
    0.0,
    0.0,
    0.0,
    0.0,
    0.0,
    0.0,
    0.0,
    0.0,
    0.0,
    0.0,
    0.4204,
    0.0,
    0.0,
    0.0,
    0.0,
    0.0,
    0.0,
    0.0,
    0.0,
    0.0,
    0.0,
    0.874,
    0.0,
    0.0,
    0.0,
    0.0,
    0.0,
    0.0,
    0.0,
    0.0,
    0.0,
    0.0,
    0.0,
    0.0,
    0.6364,
    0.0,
    0.0,
    0.0,
    0.0,
    0.0,
    0.0,
    0.0,
    0.0,
    0.0,
    0.0,
    0.4384,
    0.0,
    0.7408,
    0.4888,
    0.0,
    0.0,
    0.0,
    0.0,
    0.0,
    0.0,
    0.0,
    0.0,
    0.0,
    0.0,
    0.0,
    0.0,
    0.0,
    0.0,
    0.0,
    0.0,
    0.0,
    0.0,
    0.0,
    0.0,
    0.4132,
    0.0,
    0.0,
    0.8776,
    0.3664,
    0.0,
    0.0,
    0.0,
    0.1144,
    0.0,
    0.0,
    0.0,
    0.0,
    0.7876,
    0.0,
    0.0,
    0.3448,
    0.0,
    0.0,
    0.7912,
    0.0,
    0.0
  ],
  "episode_lengths": [
    250,
    250,
    250,
    250,
    250,
    250,
    250,
    250,
    250,
    250,
    250,
    250,
    250,
    250,
    250,
    250,
    250,
    250,
    250,
    250,
    250,
    250,
    250,
    250,
    196,
    250,
    250,
    250,
    187,
    250,
    250,
    250,
    250,
    250,
    164,
    250,
    250,
    250,
    250,
    250,
    250,
    250,
    250,
    250,
    250,
    250,
    250,
    240,
    250,
    250,
    250,
    250,
    250,
    250,
    250,
    250,
    250,
    250,
    250,
    250,
    250,
    250,
    250,
    250,
    250,
    250,
    175,
    250,
    250,
    250,
    250,
    250,
    250,
    250,
    139,
    250,
    250,
    250,
    250,
    250,
    250,
    250,
    250,
    250,
    250,
    250,
    250,
    250,
    159,
    227,
    250,
    250,
    250,
    250,
    250,
    250,
    250,
    237,
    57,
    250,
    250,
    250,
    250,
    250,
    250,
    250,
    250,
    250,
    201,
    250,
    250,
    250,
    250,
    250,
    250,
    250,
    250,
    116,
    250,
    250,
    250,
    250,
    250,
    250,
    250,
    250,
    250,
    250,
    250,
    161,
    250,
    250,
    250,
    250,
    250,
    250,
    250,
    250,
    250,
    250,
    35,
    250,
    250,
    250,
    250,
    250,
    250,
    250,
    250,
    250,
    250,
    250,
    250,
    101,
    250,
    250,
    250,
    250,
    250,
    250,
    250,
    250,
    250,
    250,
    156,
    250,
    72,
    142,
    250,
    250,
    250,
    250,
    250,
    250,
    250,
    250,
    250,
    250,
    250,
    250,
    250,
    250,
    250,
    250,
    250,
    250,
    250,
    250,
    163,
    250,
    250,
    34,
    176,
    250,
    250,
    250,
    246,
    250,
    250,
    250,
    250,
    59,
    250,
    250,
    182,
    250,
    250,
    58,
    250,
    250
  ],
  "final_eval_mean": 0.0,
  "final_eval_std": 0.0
}