{
  "algo": "A2C",
  "env": "doorkey_5x5",
  "seed": 1,
  "timesteps": [
    250,
    500,
    750,
    1000,
    1250,
    1500,
    1750,
    2000,
    2250,
    2500,
    2750,
    3000,
    3250,
    3500,
    3750,
    4000,
    4250,
    4500,
    4750,
    5000,
    5250,
    5500,
    5750,
    6000,
    6250,
    6500,
    6750,
    7000,
    7250,
    7448,
    7698,
    7948,
    8198,
    8448,
    8698,
    8948,
    9198,
    9448,
    9698,
    9929,
    10179,
    10429,
    10679,
    10929,
    11179,
    11429,
    11606,
    11856,
    12106,
    12356,
    12606,
    12856,
    13106,
    13356,
    13606,
    13856,
    14106,
    14356,
    14606,
    14691,
    14941,
    15191,
    15441,
    15691,
    15941,
    16191,
    16441,
    16587,
    16642,
    16892,
    17142,
    17392,
    17499,
    17749,
    17999,
    18249,
    18499,
    18749,
    18999,
    19249,
    19499,
    19749,
    19999,
    20249,
    20388,
    20638,
    20888,
    21138,
    21388,
    21638,
    21863,
    22113,
    22363,
    22613,
    22863,
    23113,
    23363,
    23613,
    23863,
    24113,
    24363,
    24504,
    24754,
    25004,
    25254,
    25504,
    25754,
    25944,
    26194,
    26444,
    26694,
    26917,
    27167,
    27417,
    27667,
    27917,
    28167,
    28194,
    28444,
    28694,
    28944,
    29194,
    29444,
    29694,
    29944,
    30194,
    30444,
    30694,
    30915,
    31165,
    31415,
    31606,
    31749,
    31999,
    32249,
    32488,
    32730,
    32980,
    33230,
    33480,
    33664,
    33717,
    33967,
    34217,
    34467,
    34717,
    34967,
    35165,
    35415,
    35665,
    35915,
    36165,
    36415,
    36661,
    36911,
    37161,
    37411,
    37661,
    37911,
    38161,
    38411,
    38619,
    38869,
    39119,
    39369,
    39619,
    39869,
    40119,
    40369,
    40619,
    40869,
    41119,
    41369,
    41619,
    41667,
    41917,
    42167,
    42417,
    42667,
    42917,
    43167,
    43259,
    43509,
    43759,
    44009,
    44259,
    44509,
    44759,
    45009,
    45259,
    45490,
    45731,
    45981,
    46231,
    46481,
    46731,
    46919,
    47169,
    47419,
    47530,
    47628,
    47878,
    48128,
    48378,
    48628,
    48878,
    49128,
    49223,
    49384,
    49553,
    49803
  ],
  "episode_rewards": [
    0.0,
    0.0,
    0.0,
    0.0,
    0.0,
    0.0,
    0.0,
    0.0,
    0.0,
    0.0,
    0.0,
    0.0,
    0.0,
    0.0,
    0.0,
    0.0,
    0.0,
    0.0,
    0.0,
    0.0,
    0.0,
    0.0,
    0.0,
    0.0,
    0.0,
    0.0,
    0.0,
    0.0,
    0.0,
    0.2872,
    0.0,
    0.0,
    0.0,
    0.0,
    0.0,
    0.0,
    0.0,
    0.0,
    0.0,
    0.1684,
    0.0,
    0.0,
    0.0,
    0.0,
    0.0,
    0.0,
    0.3628,
    0.0,
    0.0,
    0.0,
    0.0,
    0.0,
    0.0,
    0.0,
    0.0,
    0.0,
    0.0,
    0.0,
    0.0,
    0.694,
    0.0,
    0.0,
    0.0,
    0.0,
    0.0,
    0.0,
    0.0,
    0.4744,
    0.802,
    0.0,
    0.0,
    0.0,
    0.6148,
    0.0,
    0.0,
    0.0,
    0.0,
    0.0,
    0.0,
    0.0,
    0.0,
    0.0,
    0.0,
    0.0,
    0.4996,
    0.0,
    0.0,
    0.0,
    0.0,
    0.0,
    0.19,
    0.0,
    0.0,
    0.0,
    0.0,
    0.0,
    0.0,
    0.0,
    0.0,
    0.0,
    0.0,
    0.4924,
    0.0,
    0.0,
    0.0,
    0.0,
    0.0,
    0.316,
    0.0,
    0.0,
    0.0,
    0.1972,
    0.0,
    0.0,
    0.0,
    0.0,
    0.0,
    0.9028,
    0.0,
    0.0,
    0.0,
    0.0,
    0.0,
    0.0,
    0.0,
    0.0,
    0.0,
    0.0,
    0.2044,
    0.0,
    0.0,
    0.3124,
    0.4852,
    0.0,
    0.0,
    0.1396,
    0.1288,
    0.0,
    0.0,
    0.0,
    0.3376,
    0.8092,
    0.0,
    0.0,
    0.0,
    0.0,
    0.0,
    0.2872,
    0.0,
    0.0,
    0.0,
    0.0,
    0.0,
    0.1144,
    0.0,
    0.0,
    0.0,
    0.0,
    0.0,
    0.0,
    0.0,
    0.2512,
    0.0,
    0.0,
    0.0,
    0.0,
    0.0,
    0.0,
    0.0,
    0.0,
    0.0,
    0.0,
    0.0,
    0.0,
    0.8272,
    0.0,
    0.0,
    0.0,
    0.0,
    0.0,
    0.0,
    0.6688,
    0.0,
    0.0,
    0.0,
    0.0,
    0.0,
    0.0,
    0.0,
    0.0,
    0.1684,
    0.1324,
    0.0,
    0.0,
    0.0,
    0.0,
    0.3232,
    0.0,
    0.0,
    0.6004,
    0.6472,
    0.0,
    0.0,
    0.0,
    0.0,
    0.0,
    0.0,
    0.658,
    0.4204,
    0.3916,
    0.0
  ],
  "episode_lengths": [
    250,
    250,
    250,
    250,
    250,
    250,
    250,
    250,
    250,
    250,
    250,
    250,
    250,
    250,
    250,
    250,
    250,
    250,
    250,
    250,
    250,
    250,
    250,
    250,
    250,
    250,
    250,
    250,
    250,
    198,
    250,
    250,
    250,
    250,
    250,
    250,
    250,
    250,
    250,
    231,
    250,
    250,
    250,
    250,
    250,
    250,
    177,
    250,
    250,
    250,
    250,
    250,
    250,
    250,
    250,
    250,
    250,
    250,
    250,
    85,
    250,
    250,
    250,
    250,
    250,
    250,
    250,
    146,
    55,
    250,
    250,
    250,
    107,
    250,
    250,
    250,
    250,
    250,
    250,
    250,
    250,
    250,
    250,
    250,
    139,
    250,
    250,
    250,
    250,
    250,
    225,
    250,
    250,
    250,
    250,
    250,
    250,
    250,
    250,
    250,
    250,
    141,
    250,
    250,
    250,
    250,
    250,
    190,
    250,
    250,
    250,
    223,
    250,
    250,
    250,
    250,
    250,
    27,
    250,
    250,
    250,
    250,
    250,
    250,
    250,
    250,
    250,
    250,
    221,
    250,
    250,
    191,
    143,
    250,
    250,
    239,
    242,
    250,
    250,
    250,
    184,
    53,
    250,
    250,
    250,
    250,
    250,
    198,
    250,
    250,
    250,
    250,
    250,
    246,
    250,
    250,
    250,
    250,
    250,
    250,
    250,
    208,
    250,
    250,
    250,
    250,
    250,
    250,
    250,
    250,
    250,
    250,
    250,
    250,
    48,
    250,
    250,
    250,
    250,
    250,
    250,
    92,
    250,
    250,
    250,
    250,
    250,
    250,
    250,
    250,
    231,
    241,
    250,
    250,
    250,
    250,
    188,
    250,
    250,
    111,
    98,
    250,
    250,
    250,
    250,
    250,
    250,
    95,
    161,
    169,
    250
  ],
  "final_eval_mean": 0.0,
  "final_eval_std": 0.0
}