{
  "algo": "A2C",
  "env": "doorkey_5x5",
  "seed": 5,
  "timesteps": [
    250,
    500,
    750,
    1000,
    1250,
    1500,
    1750,
    2000,
    2250,
    2500,
    2750,
    3000,
    3021,
    3271,
    3521,
    3771,
    4021,
    4271,
    4521,
    4771,
    5021,
    5271,
    5521,
    5771,
    6021,
    6271,
    6497,
    6747,
    6997,
    7163,
    7413,
    7663,
    7913,
    8163,
    8413,
    8663,
    8913,
    9163,
    9413,
    9622,
    9872,
    10122,
    10372,
    10622,
    10872,
    11122,
    11372,
    11622,
    11872,
    12122,
    12372,
    12622,
    12872,
    13122,
    13372,
    13464,
    13714,
    13964,
    14214,
    14464,
    14714,
    14964,
    15214,
    15464,
    15714,
    15964,
    16214,
    16464,
    16714,
    16964,
    17214,
    17464,
    17714,
    17964,
    18214,
    18464,
    18714,
    18964,
    19214,
    19464,
    19714,
    19964,
    20214,
    20464,
    20714,
    20964,
    21126,
    21212,
    21325,
    21575,
    21825,
    22075,
    22325,
    22575,
    22825,
    23051,
    23301,
    23551,
    23801,
    24051,
    24301,
    24551,
    24801,
    25051,
    25301,
    25551,
    25783,
    25862,
    26112,
    26362,
    26612,
    26862,
    27112,
    27362,
    27612,
    27862,
    28009,
    28259,
    28509,
    28759,
    29009,
    29259,
    29509,
    29725,
    29975,
    30225,
    30475,
    30725,
    30975,
    31161,
    31392,
    31615,
    31865,
    32115,
    32365,
    32615,
    32865,
    33008,
    33180,
    33430,
    33680,
    33930,
    34180,
    34430,
    34680,
    34930,
    35180,
    35430,
    35680,
    35930,
    36180,
    36348,
    36598,
    36848,
    37098,
    37348,
    37598,
    37848,
    38098,
    38348,
    38598,
    38848,
    39098,
    39348,
    39398,
    39648,
    39898,
    40148,
    40398,
    40648,
    40776,
    41026,
    41276,
    41526,
    41776,
    42026,
    42276,
    42526,
    42776,
    43026,
    43212,
    43462,
    43533,
    43783,
    44033,
    44283,
    44533,
    44783,
    45033,
    45283,
    45533,
    45783,
    46033,
    46283,
    46533,
    46783,
    47033,
    47283,
    47533,
    47783,
    48033,
    48283,
    48533,
    48783,
    49033,
    49283,
    49533,
    49783
  ],
  "episode_rewards": [
    0.0,
    0.0,
    0.0,
    0.0,
    0.0,
    0.0,
    0.0,
    0.0,
    0.0,
    0.0,
    0.0,
    0.0,
    0.9244,
    0.0,
    0.0,
    0.0,
    0.0,
    0.0,
    0.0,
    0.0,
    0.0,
    0.0,
    0.0,
    0.0,
    0.0,
    0.0,
    0.1864,
    0.0,
    0.0,
    0.4024,
    0.0,
    0.0,
    0.0,
    0.0,
    0.0,
    0.0,
    0.0,
    0.0,
    0.0,
    0.2476,
    0.0,
    0.0,
    0.0,
    0.0,
    0.0,
    0.0,
    0.0,
    0.0,
    0.0,
    0.0,
    0.0,
    0.0,
    0.0,
    0.0,
    0.0,
    0.6688,
    0.0,
    0.0,
    0.0,
    0.0,
    0.0,
    0.0,
    0.0,
    0.0,
    0.0,
    0.0,
    0.0,
    0.0,
    0.0,
    0.0,
    0.0,
    0.0,
    0.0,
    0.0,
    0.0,
    0.0,
    0.0,
    0.0,
    0.0,
    0.0,
    0.0,
    0.0,
    0.0,
    0.0,
    0.0,
    0.0,
    0.4168,
    0.6904,
    0.5932,
    0.0,
    0.0,
    0.0,
    0.0,
    0.0,
    0.0,
    0.1864,
    0.0,
    0.0,
    0.0,
    0.0,
    0.0,
    0.0,
    0.0,
    0.0,
    0.0,
    0.0,
    0.1648,
    0.7156,
    0.0,
    0.0,
    0.0,
    0.0,
    0.0,
    0.0,
    0.0,
    0.0,
    0.4708,
    0.0,
    0.0,
    0.0,
    0.0,
    0.0,
    0.0,
    0.2224,
    0.0,
    0.0,
    0.0,
    0.0,
    0.0,
    0.3304,
    0.1684,
    0.1972,
    0.0,
    0.0,
    0.0,
    0.0,
    0.0,
    0.4852,
    0.3808,
    0.0,
    0.0,
    0.0,
    0.0,
    0.0,
    0.0,
    0.0,
    0.0,
    0.0,
    0.0,
    0.0,
    0.0,
    0.3952,
    0.0,
    0.0,
    0.0,
    0.0,
    0.0,
    0.0,
    0.0,
    0.0,
    0.0,
    0.0,
    0.0,
    0.0,
    0.82,
    0.0,
    0.0,
    0.0,
    0.0,
    0.0,
    0.5392,
    0.0,
    0.0,
    0.0,
    0.0,
    0.0,
    0.0,
    0.0,
    0.0,
    0.0,
    0.3304,
    0.0,
    0.7444,
    0.0,
    0.0,
    0.0,
    0.0,
    0.0,
    0.0,
    0.0,
    0.0,
    0.0,
    0.0,
    0.0,
    0.0,
    0.0,
    0.0,
    0.0,
    0.0,
    0.0,
    0.0,
    0.0,
    0.0,
    0.0,
    0.0,
    0.0,
    0.0,
    0.0
  ],
  "episode_lengths": [
    250,
    250,
    250,
    250,
    250,
    250,
    250,
    250,
    250,
    250,
    250,
    250,
    21,
    250,
    250,
    250,
    250,
    250,
    250,
    250,
    250,
    250,
    250,
    250,
    250,
    250,
    226,
    250,
    250,
    166,
    250,
    250,
    250,
    250,
    250,
    250,
    250,
    250,
    250,
    209,
    250,
    250,
    250,
    250,
    250,
    250,
    250,
    250,
    250,
    250,
    250,
    250,
    250,
    250,
    250,
    92,
    250,
    250,
    250,
    250,
    250,
    250,
    250,
    250,
    250,
    250,
    250,
    250,
    250,
    250,
    250,
    250,
    250,
    250,
    250,
    250,
    250,
    250,
    250,
    250,
    250,
    250,
    250,
    250,
    250,
    250,
    162,
    86,
    113,
    250,
    250,
    250,
    250,
    250,
    250,
    226,
    250,
    250,
    250,
    250,
    250,
    250,
    250,
    250,
    250,
    250,
    232,
    79,
    250,
    250,
    250,
    250,
    250,
    250,
    250,
    250,
    147,
    250,
    250,
    250,
    250,
    250,
    250,
    216,
    250,
    250,
    250,
    250,
    250,
    186,
    231,
    223,
    250,
    250,
    250,
    250,
    250,
    143,
    172,
    250,
    250,
    250,
    250,
    250,
    250,
    250,
    250,
    250,
    250,
    250,
    250,
    168,
    250,
    250,
    250,
    250,
    250,
    250,
    250,
    250,
    250,
    250,
    250,
    250,
    50,
    250,
    250,
    250,
    250,
    250,
    128,
    250,
    250,
    250,
    250,
    250,
    250,
    250,
    250,
    250,
    186,
    250,
    71,
    250,
    250,
    250,
    250,
    250,
    250,
    250,
    250,
    250,
    250,
    250,
    250,
    250,
    250,
    250,
    250,
    250,
    250,
    250,
    250,
    250,
    250,
    250,
    250,
    250
  ],
  "final_eval_mean": 0.0,
  "final_eval_std": 0.0
}