{
  "algo": "A2C",
  "env": "doorkey_5x5",
  "seed": 4,
  "timesteps": [
    250,
    500,
    750,
    1000,
    1250,
    1500,
    1750,
    2000,
    2250,
    2500,
    2750,
    3000,
    3250,
    3500,
    3750,
    4000,
    4250,
    4500,
    4750,
    5000,
    5250,
    5376,
    5626,
    5876,
    6126,
    6376,
    6626,
    6876,
    7126,
    7376,
    7626,
    7876,
    8126,
    8376,
    8626,
    8876,
    9126,
    9376,
    9626,
    9876,
    10126,
    10376,
    10626,
    10876,
    11126,
    11376,
    11626,
    11876,
    12126,
    12376,
    12626,
    12876,
    13061,
    13237,
    13487,
    13737,
    13987,
    14237,
    14487,
    14737,
    14987,
    15237,
    15487,
    15737,
    15987,
    16237,
    16487,
    16543,
    16793,
    17043,
    17293,
    17543,
    17793,
    18043,
    18279,
    18375,
    18625,
    18875,
    19125,
    19361,
    19611,
    19861,
    20111,
    20331,
    20581,
    20831,
    21081,
    21331,
    21581,
    21831,
    22081,
    22331,
    22461,
    22711,
    22961,
    23211,
    23461,
    23518,
    23768,
    24018,
    24268,
    24418,
    24668,
    24918,
    25168,
    25418,
    25668,
    25918,
    26168,
    26374,
    26624,
    26874,
    27124,
    27374,
    27624,
    27874,
    28124,
    28374,
    28624,
    28874,
    29124,
    29374,
    29624,
    29874,
    30124,
    30374,
    30624,
    30874,
    31124,
    31374,
    31624,
    31874,
    32124,
    32374,
    32624,
    32874,
    33124,
    33374,
    33624,
    33874,
    34124,
    34374,
    34624,
    34874,
    35124,
    35374,
    35624,
    35874,
    36124,
    36374,
    36453,
    36703,
    36953,
    37203,
    37453,
    37703,
    37953,
    38203,
    38453,
    38703,
    38953,
    39203,
    39453,
    39703,
    39948,
    40190,
    40440,
    40690,
    40940,
    41190,
    41440,
    41690,
    41940,
    42190,
    42440,
    42690,
    42940,
    43190,
    43440,
    43690,
    43940,
    44190,
    44440,
    44690,
    44940,
    45190,
    45269,
    45519,
    45769,
    46019,
    46269,
    46519,
    46769,
    46952,
    47202,
    47452,
    47702,
    47952,
    48202,
    48452,
    48702,
    48952,
    49202,
    49452,
    49702,
    49952
  ],
  "episode_rewards": [
    0.0,
    0.0,
    0.0,
    0.0,
    0.0,
    0.0,
    0.0,
    0.0,
    0.0,
    0.0,
    0.0,
    0.0,
    0.0,
    0.0,
    0.0,
    0.0,
    0.0,
    0.0,
    0.0,
    0.0,
    0.0,
    0.5464,
    0.0,
    0.0,
    0.0,
    0.0,
    0.0,
    0.0,
    0.0,
    0.0,
    0.0,
    0.0,
    0.0,
    0.0,
    0.0,
    0.0,
    0.0,
    0.0,
    0.0,
    0.0,
    0.0,
    0.0,
    0.0,
    0.0,
    0.0,
    0.0,
    0.0,
    0.0,
    0.0,
    0.0,
    0.0,
    0.0,
    0.334,
    0.3664,
    0.0,
    0.0,
    0.0,
    0.0,
    0.0,
    0.0,
    0.0,
    0.0,
    0.0,
    0.0,
    0.0,
    0.0,
    0.0,
    0.7984,
    0.0,
    0.0,
    0.0,
    0.0,
    0.0,
    0.0,
    0.1504,
    0.6544,
    0.0,
    0.0,
    0.0,
    0.1504,
    0.0,
    0.0,
    0.0,
    0.208,
    0.0,
    0.1,
    0.0,
    0.0,
    0.0,
    0.0,
    0.0,
    0.0,
    0.532,
    0.0,
    0.0,
    0.0,
    0.0,
    0.7948,
    0.0,
    0.0,
    0.0,
    0.46,
    0.0,
    0.0,
    0.0,
    0.0,
    0.0,
    0.0,
    0.0,
    0.2584,
    0.0,
    0.0,
    0.0,
    0.0,
    0.0,
    0.0,
    0.0,
    0.0,
    0.0,
    0.0,
    0.0,
    0.0,
    0.0,
    0.0,
    0.0,
    0.0,
    0.0,
    0.0,
    0.0,
    0.0,
    0.0,
    0.0,
    0.0,
    0.0,
    0.0,
    0.0,
    0.0,
    0.0,
    0.0,
    0.0,
    0.0,
    0.0,
    0.0,
    0.0,
    0.0,
    0.0,
    0.0,
    0.0,
    0.0,
    0.0,
    0.7156,
    0.0,
    0.0,
    0.0,
    0.0,
    0.0,
    0.0,
    0.0,
    0.0,
    0.0,
    0.0,
    0.0,
    0.0,
    0.0,
    0.118,
    0.1288,
    0.0,
    0.0,
    0.0,
    0.0,
    0.0,
    0.0,
    0.0,
    0.0,
    0.0,
    0.0,
    0.0,
    0.0,
    0.0,
    0.0,
    0.0,
    0.0,
    0.0,
    0.0,
    0.0,
    0.0,
    0.7156,
    0.0,
    0.0,
    0.0,
    0.0,
    0.0,
    0.0,
    0.3412,
    0.0,
    0.0,
    0.0,
    0.0,
    0.0,
    0.0,
    0.0,
    0.0,
    0.0,
    0.0,
    0.0,
    0.0
  ],
  "episode_lengths": [
    250,
    250,
    250,
    250,
    250,
    250,
    250,
    250,
    250,
    250,
    250,
    250,
    250,
    250,
    250,
    250,
    250,
    250,
    250,
    250,
    250,
    126,
    250,
    250,
    250,
    250,
    250,
    250,
    250,
    250,
    250,
    250,
    250,
    250,
    250,
    250,
    250,
    250,
    250,
    250,
    250,
    250,
    250,
    250,
    250,
    250,
    250,
    250,
    250,
    250,
    250,
    250,
    185,
    176,
    250,
    250,
    250,
    250,
    250,
    250,
    250,
    250,
    250,
    250,
    250,
    250,
    250,
    56,
    250,
    250,
    250,
    250,
    250,
    250,
    236,
    96,
    250,
    250,
    250,
    236,
    250,
    250,
    250,
    220,
    250,
    250,
    250,
    250,
    250,
    250,
    250,
    250,
    130,
    250,
    250,
    250,
    250,
    57,
    250,
    250,
    250,
    150,
    250,
    250,
    250,
    250,
    250,
    250,
    250,
    206,
    250,
    250,
    250,
    250,
    250,
    250,
    250,
    250,
    250,
    250,
    250,
    250,
    250,
    250,
    250,
    250,
    250,
    250,
    250,
    250,
    250,
    250,
    250,
    250,
    250,
    250,
    250,
    250,
    250,
    250,
    250,
    250,
    250,
    250,
    250,
    250,
    250,
    250,
    250,
    250,
    79,
    250,
    250,
    250,
    250,
    250,
    250,
    250,
    250,
    250,
    250,
    250,
    250,
    250,
    245,
    242,
    250,
    250,
    250,
    250,
    250,
    250,
    250,
    250,
    250,
    250,
    250,
    250,
    250,
    250,
    250,
    250,
    250,
    250,
    250,
    250,
    79,
    250,
    250,
    250,
    250,
    250,
    250,
    183,
    250,
    250,
    250,
    250,
    250,
    250,
    250,
    250,
    250,
    250,
    250,
    250
  ],
  "final_eval_mean": 0.0,
  "final_eval_std": 0.0
}