{
  "algo": "DQN",
  "env": "doorkey_8x8",
  "seed": 4,
  "timesteps": [
    640,
    1280,
    1556,
    2196,
    2836,
    3476,
    4116,
    4756,
    5396,
    6036,
    6676,
    7316,
    7956,
    8596,
    9236,
    9876,
    10516,
    11156,
    11796,
    12436,
    13076,
    13716,
    14356,
    14996,
    15636,
    16276,
    16916,
    17556,
    18196,
    18836,
    19476,
    20116,
    20756,
    21396,
    22036,
    22676,
    23316,
    23956,
    24596,
    25236,
    25876,
    26516,
    27156,
    27796,
    28436,
    29076,
    29716,
    30356,
    30996,
    31636,
    32276,
    32916,
    33556,
    34196,
    34836,
    35476,
    36116,
    36756,
    37396,
    38036,
    38676,
    39316,
    39956,
    40596,
    41236,
    41876,
    42516,
    43156,
    43796,
    44436,
    45076,
    45716,
    46356,
    46996,
    47636,
    48276,
    48916,
    49556
  ],
  "episode_rewards": [
    0.0,
    0.0,
    0.611875,
    0.0,
    0.0,
    0.0,
    0.0,
    0.0,
    0.0,
    0.0,
    0.0,
    0.0,
    0.0,
    0.0,
    0.0,
    0.0,
    0.0,
    0.0,
    0.0,
    0.0,
    0.0,
    0.0,
    0.0,
    0.0,
    0.0,
    0.0,
    0.0,
    0.0,
    0.0,
    0.0,
    0.0,
    0.0,
    0.0,
    0.0,
    0.0,
    0.0,
    0.0,
    0.0,
    0.0,
    0.0,
    0.0,
    0.0,
    0.0,
    0.0,
    0.0,
    0.0,
    0.0,
    0.0,
    0.0,
    0.0,
    0.0,
    0.0,
    0.0,
    0.0,
    0.0,
    0.0,
    0.0,
    0.0,
    0.0,
    0.0,
    0.0,
    0.0,
    0.0,
    0.0,
    0.0,
    0.0,
    0.0,
    0.0,
    0.0,
    0.0,
    0.0,
    0.0,
    0.0,
    0.0,
    0.0,
    0.0,
    0.0,
    0.0
  ],
  "episode_lengths": [
    640,
    640,
    276,
    640,
    640,
    640,
    640,
    640,
    640,
    640,
    640,
    640,
    640,
    640,
    640,
    640,
    640,
    640,
    640,
    640,
    640,
    640,
    640,
    640,
    640,
    640,
    640,
    640,
    640,
    640,
    640,
    640,
    640,
    640,
    640,
    640,
    640,
    640,
    640,
    640,
    640,
    640,
    640,
    640,
    640,
    640,
    640,
    640,
    640,
    640,
    640,
    640,
    640,
    640,
    640,
    640,
    640,
    640,
    640,
    640,
    640,
    640,
    640,
    640,
    640,
    640,
    640,
    640,
    640,
    640,
    640,
    640,
    640,
    640,
    640,
    640,
    640,
    640
  ],
  "final_eval_mean": 0.0,
  "final_eval_std": 0.0
}