[
  {
    "seed": 1,
    "LavaCrossing (train)": 0.0,
    "DistShift1": 0.0,
    "DistShift2": 0.0
  },
  {
    "seed": 2,
    "LavaCrossing (train)": 0.0,
    "DistShift1": 0.0,
    "DistShift2": 0.0
  },
  {
    "seed": 3,
    "LavaCrossing (train)": 0.0,
    "DistShift1": 0.0,
    "DistShift2": 0.0
  },
  {
    "seed": 4,
    "LavaCrossing (train)": 0.0,
    "DistShift1": 0.0,
    "DistShift2": 0.0
  },
  {
    "seed": 5,
    "LavaCrossing (train)": 0.0,
    "DistShift1": 0.0,
    "DistShift2": 0.0
  }
]