{
  "algo": "PPO",
  "seed": 1,
  "timesteps": 100000,
  "distshift1_mean": 0.0,
  "distshift1_std": 0.0,
  "distshift2_mean": 0.0,
  "distshift2_std": 0.0,
  "generalization_gap": 0.0,
  "distshift1_rewards": [
    0.0,
    0.0,
    0.0,
    0.0,
    0.0,
    0.0,
    0.0,
    0.0,
    0.0,
    0.0
  ],
  "distshift2_rewards": [
    0.0,
    0.0,
    0.0,
    0.0,
    0.0,
    0.0,
    0.0,
    0.0,
    0.0,
    0.0
  ],
  "training_rewards": [
    0.0,
    0.0,
    0.0,
    0.0,
    0.0,
    0.0,
    0.0,
    0.0,
    0.0,
    0.0,
    0.0,
    0.282143,
    0.0,
    0.0,
    0.0,
    0.0,
    0.0,
    0.0,
    0.0,
    0.0,
    0.0,
    0.0,
    0.0,
    0.0,
    0.0,
    0.0,
    0.0,
    0.0,
    0.0,
    0.0,
    0.0,
    0.0,
    0.0,
    0.0,
    0.0,
    0.0,
    0.0,
    0.0,
    0.196429,
    0.0,
    0.0,
    0.0,
    0.0,
    0.0,
    0.0,
    0.0,
    0.0,
    0.0,
    0.0,
    0.0,
    0.0,
    0.0,
    0.0,
    0.0,
    0.0,
    0.0,
    0.0,
    0.0,
    0.0,
    0.0,
    0.0,
    0.0,
    0.0,
    0.0,
    0.0,
    0.0,
    0.0,
    0.0,
    0.0,
    0.0,
    0.0,
    0.0,
    0.0,
    0.0,
    0.0,
    0.0,
    0.0,
    0.0,
    0.0,
    0.0,
    0.0,
    0.0,
    0.0,
    0.0,
    0.0,
    0.0,
    0.0,
    0.0,
    0.0,
    0.0,
    0.0,
    0.0,
    0.0,
    0.0,
    0.0,
    0.0,
    0.0,
    0.0,
    0.0,
    0.0,
    0.0,
    0.0,
    0.0,
    0.0,
    0.0,
    0.0,
    0.0,
    0.0,
    0.0,
    0.0,
    0.0,
    0.0,
    0.0,
    0.0,
    0.0,
    0.0,
    0.0,
    0.0,
    0.0,
    0.0,
    0.0,
    0.0,
    0.0,
    0.0,
    0.0,
    0.0,
    0.0,
    0.0,
    0.0,
    0.0,
    0.0,
    0.0,
    0.0,
    0.0,
    0.0,
    0.0,
    0.0,
    0.0,
    0.0,
    0.0,
    0.0,
    0.0,
    0.0,
    0.0,
    0.0,
    0.0,
    0.0,
    0.0,
    0.0,
    0.0,
    0.0,
    0.0,
    0.0,
    0.0,
    0.0,
    0.0,
    0.0,
    0.0,
    0.0,
    0.0,
    0.0,
    0.0,
    0.0,
    0.0,
    0.0,
    0.0,
    0.0,
    0.0,
    0.0,
    0.0,
    0.0,
    0.0,
    0.0,
    0.0,
    0.0,
    0.0,
    0.0,
    0.0,
    0.0,
    0.0,
    0.0,
    0.0,
    0.0,
    0.0,
    0.0,
    0.0,
    0.0,
    0.0,
    0.0,
    0.0,
    0.0,
    0.0,
    0.0,
    0.0,
    0.0,
    0.0,
    0.0,
    0.0,
    0.0,
    0.0,
    0.0,
    0.0,
    0.0,
    0.0,
    0.0,
    0.0,
    0.0,
    0.0,
    0.0,
    0.0,
    0.0,
    0.0,
    0.0,
    0.0,
    0.0,
    0.0,
    0.0,
    0.0,
    0.0,
    0.0,
    0.0,
    0.0,
    0.0,
    0.0,
    0.0,
    0.0,
    0.0,
    0.0,
    0.0,
    0.0,
    0.0,
    0.0,
    0.0,
    0.0,
    0.0,
    0.0,
    0.0,
    0.0,
    0.0,
    0.0,
    0.0,
    0.0,
    0.0,
    0.0,
    0.0,
    0.0,
    0.0,
    0.0,
    0.0,
    0.0,
    0.0,
    0.0,
    0.0,
    0.0,
    0.0,
    0.0,
    0.0,
    0.0,
    0.0,
    0.0,
    0.0,
    0.0,
    0.0,
    0.0,
    0.0,
    0.0,
    0.0,
    0.0,
    0.0,
    0.0,
    0.0,
    0.0,
    0.0,
    0.0,
    0.0,
    0.0,
    0.0,
    0.0,
    0.0,
    0.0,
    0.0,
    0.0,
    0.0,
    0.0,
    0.0,
    0.0,
    0.0,
    0.0,
    0.0,
    0.0,
    0.0,
    0.0,
    0.0,
    0.0,
    0.0,
    0.0,
    0.0,
    0.0,
    0.0,
    0.0,
    0.0,
    0.0,
    0.0,
    0.0,
    0.0,
    0.0,
    0.0,
    0.0,
    0.0,
    0.0,
    0.0,
    0.0,
    0.0,
    0.0,
    0.0,
    0.0,
    0.0,
    0.0,
    0.0,
    0.0,
    0.0,
    0.0,
    0.0,
    0.0,
    0.0,
    0.0,
    0.0,
    0.0,
    0.0,
    0.0,
    0.0,
    0.0,
    0.0,
    0.0,
    0.0,
    0.0,
    0.0,
    0.0,
    0.0,
    0.0,
    0.0,
    0.0,
    0.0,
    0.0,
    0.0,
    0.0,
    0.0,
    0.0,
    0.0,
    0.0,
    0.0,
    0.0,
    0.0,
    0.0,
    0.0,
    0.0,
    0.0,
    0.0,
    0.0,
    0.0,
    0.0,
    0.0,
    0.0,
    0.0,
    0.0,
    0.0,
    0.0,
    0.0,
    0.0,
    0.0,
    0.0,
    0.0,
    0.0,
    0.0,
    0.0,
    0.0,
    0.0,
    0.0,
    0.0,
    0.0,
    0.0,
    0.0,
    0.0,
    0.0,
    0.0,
    0.0,
    0.0,
    0.0,
    0.0,
    0.0,
    0.0,
    0.0,
    0.0,
    0.0,
    0.0,
    0.0,
    0.0,
    0.0,
    0.0,
    0.0,
    0.0,
    0.0,
    0.0,
    0.0,
    0.0,
    0.0,
    0.0,
    0.0,
    0.0,
    0.0,
    0.0,
    0.0,
    0.0,
    0.0,
    0.0,
    0.0,
    0.0,
    0.0,
    0.0,
    0.0,
    0.0,
    0.0,
    0.0,
    0.0,
    0.0,
    0.0,
    0.0,
    0.0,
    0.0,
    0.0,
    0.0,
    0.0,
    0.0,
    0.0,
    0.0,
    0.0,
    0.0,
    0.0,
    0.0,
    0.0,
    0.0,
    0.0,
    0.0
  ],
  "training_timesteps": [
    248,
    481,
    584,
    587,
    646,
    662,
    914,
    946,
    1084,
    1110,
    1362,
    1563,
    1572,
    1587,
    1839,
    1864,
    2003,
    2255,
    2307,
    2336,
    2588,
    2595,
    2847,
    2873,
    2929,
    2948,
    3073,
    3142,
    3173,
    3239,
    3251,
    3503,
    3543,
    3795,
    3882,
    3971,
    4001,
    4022,
    4247,
    4283,
    4535,
    4549,
    4600,
    4814,
    4869,
    5121,
    5254,
    5506,
    5547,
    5651,
    5903,
    6155,
    6220,
    6275,
    6403,
    6655,
    6907,
    7073,
    7325,
    7378,
    7630,
    7746,
    7998,
    8067,
    8319,
    8325,
    8515,
    8767,
    9019,
    9073,
    9305,
    9557,
    9809,
    9884,
    9908,
    10144,
    10156,
    10361,
    10613,
    10865,
    11117,
    11239,
    11491,
    11529,
    11624,
    11786,
    12038,
    12290,
    12326,
    12578,
    12803,
    12980,
    13232,
    13484,
    13736,
    13988,
    14240,
    14492,
    14744,
    14978,
    15230,
    15482,
    15525,
    15596,
    15598,
    15850,
    15979,
    16231,
    16273,
    16493,
    16745,
    16997,
    17249,
    17501,
    17753,
    18005,
    18257,
    18509,
    18761,
    19013,
    19265,
    19356,
    19608,
    19860,
    20112,
    20364,
    20616,
    20868,
    21120,
    21372,
    21624,
    21876,
    22128,
    22380,
    22632,
    22884,
    23096,
    23348,
    23600,
    23852,
    24104,
    24356,
    24608,
    24860,
    25112,
    25364,
    25616,
    25868,
    26120,
    26372,
    26624,
    26876,
    27128,
    27380,
    27632,
    27884,
    28136,
    28388,
    28640,
    28892,
    29144,
    29396,
    29648,
    29900,
    30152,
    30404,
    30656,
    30908,
    31160,
    31412,
    31664,
    31916,
    32168,
    32420,
    32672,
    32924,
    33176,
    33428,
    33680,
    33932,
    34184,
    34436,
    34688,
    34940,
    35192,
    35444,
    35696,
    35948,
    36200,
    36452,
    36704,
    36956,
    37208,
    37460,
    37712,
    37964,
    38216,
    38468,
    38720,
    38972,
    39224,
    39476,
    39728,
    39980,
    40232,
    40484,
    40736,
    40988,
    41240,
    41492,
    41744,
    41996,
    42248,
    42500,
    42752,
    43004,
    43256,
    43508,
    43760,
    44012,
    44264,
    44516,
    44768,
    45020,
    45272,
    45524,
    45776,
    46028,
    46280,
    46532,
    46784,
    47036,
    47288,
    47540,
    47792,
    48044,
    48296,
    48548,
    48800,
    49052,
    49304,
    49556,
    49808,
    50060,
    50312,
    50564,
    50816,
    51068,
    51320,
    51572,
    51824,
    52076,
    52328,
    52580,
    52832,
    53084,
    53336,
    53588,
    53840,
    54092,
    54344,
    54596,
    54848,
    55100,
    55352,
    55604,
    55856,
    56108,
    56360,
    56612,
    56864,
    57116,
    57368,
    57620,
    57872,
    58124,
    58376,
    58628,
    58880,
    59132,
    59384,
    59636,
    59888,
    60140,
    60392,
    60644,
    60896,
    61148,
    61400,
    61652,
    61904,
    62156,
    62408,
    62660,
    62912,
    63164,
    63416,
    63668,
    63920,
    64172,
    64424,
    64676,
    64928,
    65180,
    65432,
    65684,
    65936,
    66188,
    66440,
    66692,
    66944,
    67196,
    67448,
    67700,
    67952,
    68204,
    68456,
    68708,
    68960,
    69212,
    69464,
    69716,
    69968,
    70220,
    70472,
    70724,
    70976,
    71228,
    71480,
    71732,
    71984,
    72236,
    72488,
    72740,
    72992,
    73244,
    73496,
    73748,
    74000,
    74252,
    74504,
    74756,
    75008,
    75260,
    75512,
    75764,
    76016,
    76268,
    76520,
    76772,
    77024,
    77276,
    77528,
    77780,
    78032,
    78284,
    78536,
    78788,
    79040,
    79292,
    79544,
    79796,
    80048,
    80300,
    80552,
    80804,
    81056,
    81308,
    81560,
    81812,
    82064,
    82316,
    82568,
    82820,
    83072,
    83324,
    83576,
    83828,
    84080,
    84332,
    84584,
    84836,
    85088,
    85340,
    85592,
    85844,
    86096,
    86348,
    86600,
    86852,
    87104,
    87356,
    87608,
    87860,
    88112,
    88364,
    88616,
    88868,
    89120,
    89372,
    89624,
    89876,
    90128,
    90380,
    90632,
    90884,
    91136,
    91388,
    91640,
    91892,
    92144,
    92396,
    92648,
    92900,
    93152,
    93404,
    93656,
    93908,
    94160,
    94412,
    94664,
    94916,
    95168,
    95420,
    95672,
    95924,
    96176,
    96428,
    96680,
    96932,
    97184,
    97436,
    97688,
    97940,
    98192,
    98444,
    98696,
    98948,
    99200,
    99452,
    99704,
    99956,
    100208
  ]
}