{
  "algo": "PPO",
  "env": "doorkey_5x5",
  "seed": 1,
  "timesteps": [
    250,
    500,
    750,
    1000,
    1250,
    1500,
    1750,
    2000,
    2250,
    2500,
    2750,
    3000,
    3250,
    3500,
    3750,
    4000,
    4250,
    4500,
    4750,
    4913,
    5163,
    5413,
    5663,
    5913,
    6163,
    6413,
    6663,
    6913,
    7163,
    7413,
    7663,
    7913,
    8163,
    8413,
    8663,
    8913,
    9163,
    9413,
    9564,
    9814,
    10064,
    10314,
    10564,
    10814,
    11064,
    11314,
    11564,
    11814,
    12064,
    12314,
    12564,
    12814,
    13064,
    13314,
    13564,
    13814,
    14064,
    14314,
    14564,
    14814,
    15064,
    15314,
    15564,
    15814,
    16064,
    16314,
    16564,
    16814,
    17064,
    17314,
    17499,
    17749,
    17999,
    18249,
    18350,
    18600,
    18850,
    19100,
    19350,
    19493,
    19743,
    19993,
    20243,
    20493,
    20743,
    20993,
    21243,
    21493,
    21743,
    21993,
    22243,
    22493,
    22743,
    22993,
    23192,
    23442,
    23692,
    23942,
    24180,
    24430,
    24680,
    24930,
    25180,
    25430,
    25680,
    25930,
    26180,
    26430,
    26680,
    26930,
    27180,
    27430,
    27680,
    27930,
    28089,
    28294,
    28544,
    28794,
    28895,
    29145,
    29251,
    29501,
    29751,
    30001,
    30251,
    30501,
    30751,
    31001,
    31085,
    31335,
    31585,
    31618,
    31719,
    31969,
    32219,
    32469,
    32717,
    32967,
    33217,
    33467,
    33717,
    33967,
    34217,
    34467,
    34717,
    34967,
    35217,
    35467,
    35717,
    35771,
    35933,
    36183,
    36433,
    36683,
    36736,
    36950,
    37200,
    37274,
    37386,
    37636,
    37824,
    38074,
    38324,
    38403,
    38653,
    38822,
    38944,
    39194,
    39444,
    39578,
    39828,
    40078,
    40307,
    40557,
    40807,
    41057,
    41173,
    41313,
    41563,
    41813,
    42063,
    42124,
    42374,
    42624,
    42874,
    43077,
    43327,
    43577,
    43827,
    44077,
    44305,
    44403,
    44653,
    44903,
    45153,
    45403,
    45523,
    45759,
    46009,
    46259,
    46509,
    46759,
    47009,
    47087,
    47228,
    47478,
    47728,
    47978,
    48228,
    48478,
    48728,
    48978,
    49032,
    49282,
    49360,
    49610,
    49775,
    50025,
    50264,
    50400,
    50650,
    50795,
    50989
  ],
  "episode_rewards": [
    0.0,
    0.0,
    0.0,
    0.0,
    0.0,
    0.0,
    0.0,
    0.0,
    0.0,
    0.0,
    0.0,
    0.0,
    0.0,
    0.0,
    0.0,
    0.0,
    0.0,
    0.0,
    0.0,
    0.4132,
    0.0,
    0.0,
    0.0,
    0.0,
    0.0,
    0.0,
    0.0,
    0.0,
    0.0,
    0.0,
    0.0,
    0.0,
    0.0,
    0.0,
    0.0,
    0.0,
    0.0,
    0.0,
    0.4564,
    0.0,
    0.0,
    0.0,
    0.0,
    0.0,
    0.0,
    0.0,
    0.0,
    0.0,
    0.0,
    0.0,
    0.0,
    0.0,
    0.0,
    0.0,
    0.0,
    0.0,
    0.0,
    0.0,
    0.0,
    0.0,
    0.0,
    0.0,
    0.0,
    0.0,
    0.0,
    0.0,
    0.0,
    0.0,
    0.0,
    0.0,
    0.334,
    0.0,
    0.0,
    0.0,
    0.6364,
    0.0,
    0.0,
    0.0,
    0.0,
    0.4852,
    0.0,
    0.0,
    0.0,
    0.0,
    0.0,
    0.0,
    0.0,
    0.0,
    0.0,
    0.0,
    0.0,
    0.0,
    0.0,
    0.0,
    0.2836,
    0.0,
    0.0,
    0.0,
    0.1432,
    0.0,
    0.0,
    0.0,
    0.0,
    0.0,
    0.0,
    0.0,
    0.0,
    0.0,
    0.0,
    0.0,
    0.0,
    0.0,
    0.0,
    0.0,
    0.4276,
    0.262,
    0.0,
    0.0,
    0.6364,
    0.0,
    0.6184,
    0.0,
    0.0,
    0.0,
    0.0,
    0.0,
    0.0,
    0.0,
    0.6976,
    0.0,
    0.0,
    0.8812,
    0.6364,
    0.0,
    0.0,
    0.0,
    0.1072,
    0.0,
    0.0,
    0.0,
    0.0,
    0.0,
    0.0,
    0.0,
    0.0,
    0.0,
    0.0,
    0.0,
    0.0,
    0.8056,
    0.4168,
    0.0,
    0.0,
    0.0,
    0.8092,
    0.2296,
    0.0,
    0.7336,
    0.5968,
    0.0,
    0.3232,
    0.0,
    0.0,
    0.7156,
    0.0,
    0.3916,
    0.5608,
    0.0,
    0.0,
    0.5176,
    0.0,
    0.0,
    0.1756,
    0.0,
    0.0,
    0.0,
    0.5824,
    0.496,
    0.0,
    0.0,
    0.0,
    0.7804,
    0.0,
    0.0,
    0.0,
    0.2692,
    0.0,
    0.0,
    0.0,
    0.0,
    0.1792,
    0.6472,
    0.0,
    0.0,
    0.0,
    0.0,
    0.568,
    0.1504,
    0.0,
    0.0,
    0.0,
    0.0,
    0.0,
    0.7192,
    0.4924,
    0.0,
    0.0,
    0.0,
    0.0,
    0.0,
    0.0,
    0.0,
    0.8056,
    0.0,
    0.7192,
    0.0,
    0.406,
    0.0,
    0.1396,
    0.5104,
    0.0,
    0.478,
    0.3016
  ],
  "episode_lengths": [
    250,
    250,
    250,
    250,
    250,
    250,
    250,
    250,
    250,
    250,
    250,
    250,
    250,
    250,
    250,
    250,
    250,
    250,
    250,
    163,
    250,
    250,
    250,
    250,
    250,
    250,
    250,
    250,
    250,
    250,
    250,
    250,
    250,
    250,
    250,
    250,
    250,
    250,
    151,
    250,
    250,
    250,
    250,
    250,
    250,
    250,
    250,
    250,
    250,
    250,
    250,
    250,
    250,
    250,
    250,
    250,
    250,
    250,
    250,
    250,
    250,
    250,
    250,
    250,
    250,
    250,
    250,
    250,
    250,
    250,
    185,
    250,
    250,
    250,
    101,
    250,
    250,
    250,
    250,
    143,
    250,
    250,
    250,
    250,
    250,
    250,
    250,
    250,
    250,
    250,
    250,
    250,
    250,
    250,
    199,
    250,
    250,
    250,
    238,
    250,
    250,
    250,
    250,
    250,
    250,
    250,
    250,
    250,
    250,
    250,
    250,
    250,
    250,
    250,
    159,
    205,
    250,
    250,
    101,
    250,
    106,
    250,
    250,
    250,
    250,
    250,
    250,
    250,
    84,
    250,
    250,
    33,
    101,
    250,
    250,
    250,
    248,
    250,
    250,
    250,
    250,
    250,
    250,
    250,
    250,
    250,
    250,
    250,
    250,
    54,
    162,
    250,
    250,
    250,
    53,
    214,
    250,
    74,
    112,
    250,
    188,
    250,
    250,
    79,
    250,
    169,
    122,
    250,
    250,
    134,
    250,
    250,
    229,
    250,
    250,
    250,
    116,
    140,
    250,
    250,
    250,
    61,
    250,
    250,
    250,
    203,
    250,
    250,
    250,
    250,
    228,
    98,
    250,
    250,
    250,
    250,
    120,
    236,
    250,
    250,
    250,
    250,
    250,
    78,
    141,
    250,
    250,
    250,
    250,
    250,
    250,
    250,
    54,
    250,
    78,
    250,
    165,
    250,
    239,
    136,
    250,
    145,
    194
  ],
  "final_eval_mean": 0.0,
  "final_eval_std": 0.0
}