{
  "algo": "PPO",
  "env": "doorkey_5x5",
  "seed": 2,
  "timesteps": [
    250,
    500,
    750,
    1000,
    1250,
    1500,
    1750,
    2000,
    2250,
    2500,
    2750,
    3000,
    3213,
    3463,
    3713,
    3963,
    4213,
    4463,
    4713,
    4963,
    5213,
    5370,
    5620,
    5870,
    6120,
    6370,
    6620,
    6870,
    7120,
    7370,
    7620,
    7870,
    8120,
    8370,
    8620,
    8870,
    9120,
    9370,
    9620,
    9870,
    9982,
    10232,
    10482,
    10732,
    10982,
    11232,
    11482,
    11732,
    11982,
    12232,
    12482,
    12732,
    12982,
    13232,
    13482,
    13732,
    13982,
    14232,
    14482,
    14732,
    14982,
    15232,
    15482,
    15732,
    15982,
    16232,
    16482,
    16732,
    16982,
    17206,
    17456,
    17706,
    17956,
    18206,
    18456,
    18706,
    18956,
    19206,
    19456,
    19706,
    19956,
    20206,
    20456,
    20706,
    20956,
    21086,
    21336,
    21586,
    21836,
    22086,
    22336,
    22586,
    22836,
    23078,
    23328,
    23578,
    23828,
    24078,
    24328,
    24578,
    24828,
    25078,
    25328,
    25578,
    25828,
    26078,
    26328,
    26578,
    26828,
    27078,
    27328,
    27578,
    27828,
    28078,
    28328,
    28369,
    28619,
    28869,
    29119,
    29369,
    29619,
    29869,
    30119,
    30369,
    30619,
    30869,
    31119,
    31369,
    31619,
    31869,
    31971,
    32221,
    32471,
    32721,
    32971,
    33034,
    33284,
    33534,
    33784,
    34034,
    34284,
    34378,
    34508,
    34758,
    35008,
    35258,
    35508,
    35758,
    36008,
    36258,
    36508,
    36758,
    37008,
    37258,
    37508,
    37758,
    38008,
    38258,
    38508,
    38758,
    39008,
    39258,
    39508,
    39758,
    40008,
    40258,
    40508,
    40758,
    41008,
    41095,
    41345,
    41595,
    41845,
    42095,
    42345,
    42424,
    42612,
    42716,
    42966,
    43216,
    43466,
    43716,
    43966,
    44216,
    44347,
    44597,
    44847,
    45097,
    45347,
    45597,
    45847,
    46097,
    46347,
    46597,
    46847,
    47097,
    47347,
    47597,
    47846,
    48096,
    48346,
    48596,
    48846,
    49096,
    49346,
    49448,
    49698,
    49948,
    50198,
    50280,
    50530,
    50683,
    50933,
    51013
  ],
  "episode_rewards": [
    0.0,
    0.0,
    0.0,
    0.0,
    0.0,
    0.0,
    0.0,
    0.0,
    0.0,
    0.0,
    0.0,
    0.0,
    0.2332,
    0.0,
    0.0,
    0.0,
    0.0,
    0.0,
    0.0,
    0.0,
    0.0,
    0.4348,
    0.0,
    0.0,
    0.0,
    0.0,
    0.0,
    0.0,
    0.0,
    0.0,
    0.0,
    0.0,
    0.0,
    0.0,
    0.0,
    0.0,
    0.0,
    0.0,
    0.0,
    0.0,
    0.5968,
    0.0,
    0.0,
    0.0,
    0.0,
    0.0,
    0.0,
    0.0,
    0.0,
    0.0,
    0.0,
    0.0,
    0.0,
    0.0,
    0.0,
    0.0,
    0.0,
    0.0,
    0.0,
    0.0,
    0.0,
    0.0,
    0.0,
    0.0,
    0.0,
    0.0,
    0.0,
    0.0,
    0.0,
    0.1936,
    0.0,
    0.0,
    0.0,
    0.0,
    0.0,
    0.0,
    0.0,
    0.0,
    0.0,
    0.0,
    0.0,
    0.0,
    0.0,
    0.0,
    0.0,
    0.532,
    0.0,
    0.0,
    0.0,
    0.0,
    0.0,
    0.0,
    0.0,
    0.1288,
    0.0,
    0.0,
    0.0,
    0.0,
    0.0,
    0.0,
    0.0,
    0.0,
    0.0,
    0.0,
    0.0,
    0.0,
    0.0,
    0.0,
    0.0,
    0.0,
    0.0,
    0.0,
    0.0,
    0.0,
    0.0,
    0.8524,
    0.0,
    0.0,
    0.0,
    0.0,
    0.0,
    0.0,
    0.0,
    0.0,
    0.0,
    0.0,
    0.0,
    0.0,
    0.0,
    0.0,
    0.6328,
    0.0,
    0.0,
    0.0,
    0.0,
    0.7732,
    0.0,
    0.0,
    0.0,
    0.0,
    0.0,
    0.6616,
    0.532,
    0.0,
    0.0,
    0.0,
    0.0,
    0.0,
    0.0,
    0.0,
    0.0,
    0.0,
    0.0,
    0.0,
    0.0,
    0.0,
    0.0,
    0.0,
    0.0,
    0.0,
    0.0,
    0.0,
    0.0,
    0.0,
    0.0,
    0.0,
    0.0,
    0.0,
    0.0,
    0.6868,
    0.0,
    0.0,
    0.0,
    0.0,
    0.0,
    0.7156,
    0.3232,
    0.6256,
    0.0,
    0.0,
    0.0,
    0.0,
    0.0,
    0.0,
    0.5284,
    0.0,
    0.0,
    0.0,
    0.0,
    0.0,
    0.0,
    0.0,
    0.0,
    0.0,
    0.0,
    0.0,
    0.0,
    0.0,
    0.1036,
    0.0,
    0.0,
    0.0,
    0.0,
    0.0,
    0.0,
    0.6328,
    0.0,
    0.0,
    0.0,
    0.7048,
    0.0,
    0.4492,
    0.0,
    0.712
  ],
  "episode_lengths": [
    250,
    250,
    250,
    250,
    250,
    250,
    250,
    250,
    250,
    250,
    250,
    250,
    213,
    250,
    250,
    250,
    250,
    250,
    250,
    250,
    250,
    157,
    250,
    250,
    250,
    250,
    250,
    250,
    250,
    250,
    250,
    250,
    250,
    250,
    250,
    250,
    250,
    250,
    250,
    250,
    112,
    250,
    250,
    250,
    250,
    250,
    250,
    250,
    250,
    250,
    250,
    250,
    250,
    250,
    250,
    250,
    250,
    250,
    250,
    250,
    250,
    250,
    250,
    250,
    250,
    250,
    250,
    250,
    250,
    224,
    250,
    250,
    250,
    250,
    250,
    250,
    250,
    250,
    250,
    250,
    250,
    250,
    250,
    250,
    250,
    130,
    250,
    250,
    250,
    250,
    250,
    250,
    250,
    242,
    250,
    250,
    250,
    250,
    250,
    250,
    250,
    250,
    250,
    250,
    250,
    250,
    250,
    250,
    250,
    250,
    250,
    250,
    250,
    250,
    250,
    41,
    250,
    250,
    250,
    250,
    250,
    250,
    250,
    250,
    250,
    250,
    250,
    250,
    250,
    250,
    102,
    250,
    250,
    250,
    250,
    63,
    250,
    250,
    250,
    250,
    250,
    94,
    130,
    250,
    250,
    250,
    250,
    250,
    250,
    250,
    250,
    250,
    250,
    250,
    250,
    250,
    250,
    250,
    250,
    250,
    250,
    250,
    250,
    250,
    250,
    250,
    250,
    250,
    250,
    87,
    250,
    250,
    250,
    250,
    250,
    79,
    188,
    104,
    250,
    250,
    250,
    250,
    250,
    250,
    131,
    250,
    250,
    250,
    250,
    250,
    250,
    250,
    250,
    250,
    250,
    250,
    250,
    250,
    249,
    250,
    250,
    250,
    250,
    250,
    250,
    102,
    250,
    250,
    250,
    82,
    250,
    153,
    250,
    80
  ],
  "final_eval_mean": 0.0,
  "final_eval_std": 0.0
}