{
  "algo": "PPO",
  "env": "doorkey_5x5",
  "seed": 4,
  "timesteps": [
    250,
    500,
    750,
    1000,
    1250,
    1500,
    1712,
    1962,
    2212,
    2462,
    2712,
    2962,
    3212,
    3462,
    3712,
    3801,
    4051,
    4301,
    4551,
    4801,
    5051,
    5301,
    5551,
    5801,
    6051,
    6301,
    6551,
    6801,
    7051,
    7301,
    7551,
    7801,
    8051,
    8301,
    8551,
    8801,
    9051,
    9301,
    9551,
    9801,
    10051,
    10301,
    10551,
    10801,
    11051,
    11301,
    11526,
    11776,
    12026,
    12276,
    12526,
    12776,
    13026,
    13276,
    13526,
    13776,
    14026,
    14247,
    14497,
    14747,
    14997,
    15127,
    15377,
    15627,
    15807,
    16057,
    16307,
    16557,
    16807,
    17057,
    17307,
    17557,
    17807,
    18057,
    18307,
    18557,
    18772,
    19022,
    19272,
    19522,
    19772,
    20022,
    20272,
    20522,
    20772,
    21022,
    21272,
    21522,
    21772,
    22022,
    22272,
    22522,
    22597,
    22847,
    23097,
    23347,
    23597,
    23847,
    24097,
    24284,
    24534,
    24784,
    25034,
    25284,
    25534,
    25784,
    26034,
    26284,
    26534,
    26784,
    27034,
    27284,
    27386,
    27636,
    27799,
    28049,
    28118,
    28368,
    28618,
    28868,
    29118,
    29302,
    29552,
    29802,
    30052,
    30302,
    30552,
    30802,
    31052,
    31302,
    31552,
    31802,
    32052,
    32302,
    32552,
    32802,
    33032,
    33229,
    33479,
    33560,
    33810,
    34060,
    34310,
    34560,
    34810,
    34869,
    35058,
    35199,
    35449,
    35648,
    35898,
    36148,
    36247,
    36497,
    36747,
    36821,
    37071,
    37321,
    37458,
    37701,
    37741,
    37991,
    38241,
    38491,
    38741,
    38971,
    39221,
    39471,
    39699,
    39949,
    40139,
    40268,
    40518,
    40768,
    41018,
    41268,
    41518,
    41768,
    41810,
    41902,
    42150,
    42400,
    42650,
    42846,
    43096,
    43346,
    43596,
    43846,
    44096,
    44346,
    44596,
    44846,
    45096,
    45346,
    45596,
    45846,
    46096,
    46148,
    46263,
    46513,
    46557,
    46807,
    46914,
    47064,
    47314,
    47564,
    47721,
    47971,
    48221,
    48253,
    48348,
    48598,
    48640,
    48890,
    48944,
    49194,
    49444,
    49477,
    49562,
    49812,
    49955,
    50172,
    50256,
    50330,
    50580,
    50784,
    50865,
    51115
  ],
  "episode_rewards": [
    0.0,
    0.0,
    0.0,
    0.0,
    0.0,
    0.0,
    0.2368,
    0.0,
    0.0,
    0.0,
    0.0,
    0.0,
    0.0,
    0.0,
    0.0,
    0.6796,
    0.0,
    0.0,
    0.0,
    0.0,
    0.0,
    0.0,
    0.0,
    0.0,
    0.0,
    0.0,
    0.0,
    0.0,
    0.0,
    0.0,
    0.0,
    0.0,
    0.0,
    0.0,
    0.0,
    0.0,
    0.0,
    0.0,
    0.0,
    0.0,
    0.0,
    0.0,
    0.0,
    0.0,
    0.0,
    0.0,
    0.19,
    0.0,
    0.0,
    0.0,
    0.0,
    0.0,
    0.0,
    0.0,
    0.0,
    0.0,
    0.0,
    0.2044,
    0.0,
    0.0,
    0.0,
    0.532,
    0.0,
    0.0,
    0.352,
    0.0,
    0.0,
    0.0,
    0.0,
    0.0,
    0.0,
    0.0,
    0.0,
    0.0,
    0.0,
    0.0,
    0.226,
    0.0,
    0.0,
    0.0,
    0.0,
    0.0,
    0.0,
    0.0,
    0.0,
    0.0,
    0.0,
    0.0,
    0.0,
    0.0,
    0.0,
    0.0,
    0.73,
    0.0,
    0.0,
    0.0,
    0.0,
    0.0,
    0.0,
    0.3268,
    0.0,
    0.0,
    0.0,
    0.0,
    0.0,
    0.0,
    0.0,
    0.0,
    0.0,
    0.0,
    0.0,
    0.0,
    0.6328,
    0.0,
    0.4132,
    0.0,
    0.7516,
    0.0,
    0.0,
    0.0,
    0.0,
    0.3376,
    0.0,
    0.0,
    0.0,
    0.0,
    0.0,
    0.0,
    0.0,
    0.0,
    0.0,
    0.0,
    0.0,
    0.0,
    0.0,
    0.0,
    0.172,
    0.2908,
    0.0,
    0.7084,
    0.0,
    0.0,
    0.0,
    0.0,
    0.0,
    0.7876,
    0.3196,
    0.4924,
    0.0,
    0.2836,
    0.0,
    0.0,
    0.6436,
    0.0,
    0.0,
    0.7336,
    0.0,
    0.0,
    0.5068,
    0.1252,
    0.856,
    0.0,
    0.0,
    0.0,
    0.0,
    0.172,
    0.0,
    0.0,
    0.1792,
    0.0,
    0.316,
    0.5356,
    0.0,
    0.0,
    0.0,
    0.0,
    0.0,
    0.0,
    0.8488,
    0.6688,
    0.1072,
    0.0,
    0.0,
    0.2944,
    0.0,
    0.0,
    0.0,
    0.0,
    0.0,
    0.0,
    0.0,
    0.0,
    0.0,
    0.0,
    0.0,
    0.0,
    0.0,
    0.8128,
    0.586,
    0.0,
    0.8416,
    0.0,
    0.6148,
    0.46,
    0.0,
    0.0,
    0.4348,
    0.0,
    0.0,
    0.8848,
    0.658,
    0.0,
    0.8488,
    0.0,
    0.8056,
    0.0,
    0.0,
    0.8812,
    0.694,
    0.0,
    0.4852,
    0.2188,
    0.6976,
    0.7336,
    0.0,
    0.2656,
    0.7084,
    0.0
  ],
  "episode_lengths": [
    250,
    250,
    250,
    250,
    250,
    250,
    212,
    250,
    250,
    250,
    250,
    250,
    250,
    250,
    250,
    89,
    250,
    250,
    250,
    250,
    250,
    250,
    250,
    250,
    250,
    250,
    250,
    250,
    250,
    250,
    250,
    250,
    250,
    250,
    250,
    250,
    250,
    250,
    250,
    250,
    250,
    250,
    250,
    250,
    250,
    250,
    225,
    250,
    250,
    250,
    250,
    250,
    250,
    250,
    250,
    250,
    250,
    221,
    250,
    250,
    250,
    130,
    250,
    250,
    180,
    250,
    250,
    250,
    250,
    250,
    250,
    250,
    250,
    250,
    250,
    250,
    215,
    250,
    250,
    250,
    250,
    250,
    250,
    250,
    250,
    250,
    250,
    250,
    250,
    250,
    250,
    250,
    75,
    250,
    250,
    250,
    250,
    250,
    250,
    187,
    250,
    250,
    250,
    250,
    250,
    250,
    250,
    250,
    250,
    250,
    250,
    250,
    102,
    250,
    163,
    250,
    69,
    250,
    250,
    250,
    250,
    184,
    250,
    250,
    250,
    250,
    250,
    250,
    250,
    250,
    250,
    250,
    250,
    250,
    250,
    250,
    230,
    197,
    250,
    81,
    250,
    250,
    250,
    250,
    250,
    59,
    189,
    141,
    250,
    199,
    250,
    250,
    99,
    250,
    250,
    74,
    250,
    250,
    137,
    243,
    40,
    250,
    250,
    250,
    250,
    230,
    250,
    250,
    228,
    250,
    190,
    129,
    250,
    250,
    250,
    250,
    250,
    250,
    42,
    92,
    248,
    250,
    250,
    196,
    250,
    250,
    250,
    250,
    250,
    250,
    250,
    250,
    250,
    250,
    250,
    250,
    250,
    52,
    115,
    250,
    44,
    250,
    107,
    150,
    250,
    250,
    157,
    250,
    250,
    32,
    95,
    250,
    42,
    250,
    54,
    250,
    250,
    33,
    85,
    250,
    143,
    217,
    84,
    74,
    250,
    204,
    81,
    250
  ],
  "final_eval_mean": 0.0,
  "final_eval_std": 0.0
}