{
  "algo": "DQN",
  "seed": 1,
  "timesteps": 100000,
  "distshift1_mean": 0.0,
  "distshift1_std": 0.0,
  "distshift2_mean": 0.0,
  "distshift2_std": 0.0,
  "generalization_gap": 0.0,
  "distshift1_rewards": [
    0.0,
    0.0,
    0.0,
    0.0,
    0.0,
    0.0,
    0.0,
    0.0,
    0.0,
    0.0
  ],
  "distshift2_rewards": [
    0.0,
    0.0,
    0.0,
    0.0,
    0.0,
    0.0,
    0.0,
    0.0,
    0.0,
    0.0
  ],
  "training_rewards": [
    0.0,
    0.0,
    0.0,
    0.0,
    0.0,
    0.0,
    0.0,
    0.0,
    0.0,
    0.0,
    0.0,
    0.0,
    0.0,
    0.0,
    0.0,
    0.0,
    0.0,
    0.0,
    0.0,
    0.0,
    0.0,
    0.0,
    0.0,
    0.0,
    0.0,
    0.0,
    0.0,
    0.0,
    0.0,
    0.0,
    0.0,
    0.0,
    0.0,
    0.0,
    0.0,
    0.0,
    0.0,
    0.0,
    0.0,
    0.0,
    0.0,
    0.0,
    0.0,
    0.0,
    0.0,
    0.0,
    0.0,
    0.0,
    0.0,
    0.0,
    0.0,
    0.0,
    0.0,
    0.0,
    0.0,
    0.0,
    0.0,
    0.0,
    0.0,
    0.0,
    0.0,
    0.0,
    0.0,
    0.0,
    0.0,
    0.0,
    0.0,
    0.0,
    0.0,
    0.0,
    0.0,
    0.0,
    0.0,
    0.0,
    0.0,
    0.0,
    0.0,
    0.0,
    0.0,
    0.0,
    0.0,
    0.0,
    0.0,
    0.0,
    0.0,
    0.0,
    0.0,
    0.0,
    0.0,
    0.0,
    0.0,
    0.0,
    0.0,
    0.0,
    0.0,
    0.0,
    0.0,
    0.0,
    0.0,
    0.0,
    0.0,
    0.0,
    0.0,
    0.0,
    0.0,
    0.0,
    0.0,
    0.0,
    0.0,
    0.0,
    0.0,
    0.0,
    0.0,
    0.0,
    0.0,
    0.0,
    0.0,
    0.0,
    0.0,
    0.0,
    0.389286,
    0.0,
    0.0,
    0.0,
    0.0,
    0.0,
    0.0,
    0.0,
    0.0,
    0.0,
    0.0,
    0.0,
    0.0,
    0.0,
    0.0,
    0.0,
    0.0,
    0.0,
    0.0,
    0.0,
    0.0,
    0.0,
    0.0,
    0.0,
    0.0,
    0.0,
    0.0,
    0.0,
    0.0,
    0.0,
    0.0,
    0.0,
    0.0,
    0.0,
    0.0,
    0.0,
    0.0,
    0.0,
    0.0,
    0.0,
    0.0,
    0.0,
    0.0,
    0.0,
    0.0,
    0.0,
    0.0,
    0.0,
    0.0,
    0.0,
    0.0,
    0.0,
    0.0,
    0.0,
    0.0,
    0.0,
    0.0,
    0.0,
    0.0,
    0.0,
    0.0,
    0.0,
    0.0,
    0.0,
    0.0,
    0.0,
    0.0,
    0.0,
    0.0,
    0.0,
    0.0,
    0.0,
    0.0,
    0.0,
    0.0,
    0.0,
    0.0,
    0.0,
    0.0,
    0.0,
    0.0,
    0.0,
    0.0,
    0.0,
    0.0,
    0.0,
    0.0,
    0.0,
    0.0,
    0.0,
    0.0,
    0.0,
    0.0,
    0.0,
    0.0,
    0.0,
    0.0,
    0.0,
    0.0,
    0.0,
    0.0,
    0.0,
    0.0,
    0.0,
    0.0,
    0.0,
    0.0,
    0.0,
    0.0,
    0.0,
    0.0,
    0.0,
    0.0,
    0.0,
    0.0,
    0.0,
    0.0,
    0.0,
    0.0,
    0.0,
    0.0,
    0.0,
    0.0,
    0.0,
    0.0,
    0.0,
    0.0,
    0.0,
    0.0,
    0.0,
    0.0,
    0.0,
    0.0,
    0.0,
    0.0,
    0.0,
    0.0,
    0.0,
    0.0,
    0.0,
    0.0,
    0.0,
    0.0,
    0.0,
    0.0,
    0.0,
    0.0,
    0.0,
    0.0,
    0.0,
    0.0,
    0.0,
    0.0,
    0.0,
    0.0,
    0.0,
    0.0,
    0.0,
    0.0,
    0.0,
    0.0,
    0.0,
    0.0,
    0.0,
    0.0,
    0.0,
    0.0,
    0.0,
    0.0,
    0.0,
    0.0,
    0.0,
    0.0,
    0.0,
    0.0,
    0.0,
    0.0,
    0.0,
    0.0,
    0.0,
    0.0,
    0.0,
    0.0,
    0.0,
    0.0,
    0.0,
    0.0,
    0.0,
    0.0,
    0.0,
    0.0,
    0.0,
    0.0,
    0.0,
    0.0,
    0.0,
    0.0,
    0.0,
    0.0,
    0.0,
    0.0,
    0.0,
    0.0,
    0.0,
    0.0,
    0.0,
    0.0,
    0.0,
    0.0,
    0.0,
    0.0,
    0.0,
    0.0,
    0.0,
    0.0,
    0.0,
    0.0,
    0.0,
    0.107143,
    0.0,
    0.0,
    0.0,
    0.0,
    0.0,
    0.0,
    0.0,
    0.0,
    0.0,
    0.0,
    0.825,
    0.0,
    0.0,
    0.210714,
    0.0,
    0.0,
    0.0,
    0.0,
    0.0,
    0.0,
    0.0,
    0.0,
    0.0,
    0.0,
    0.0,
    0.0,
    0.0,
    0.0,
    0.0,
    0.0,
    0.0,
    0.0,
    0.0,
    0.0,
    0.0,
    0.0,
    0.0,
    0.0,
    0.0,
    0.0,
    0.0,
    0.0,
    0.0,
    0.0,
    0.625,
    0.210714,
    0.0,
    0.367857,
    0.678571,
    0.0,
    0.721429,
    0.0,
    0.0,
    0.128571,
    0.207143,
    0.685714,
    0.0,
    0.835714,
    0.0,
    0.328571,
    0.157143,
    0.0,
    0.5,
    0.0,
    0.0,
    0.285714,
    0.0,
    0.225,
    0.0,
    0.0,
    0.0,
    0.0,
    0.125,
    0.0,
    0.0,
    0.0,
    0.560714,
    0.0,
    0.0,
    0.0,
    0.0,
    0.464286,
    0.157143,
    0.0,
    0.514286,
    0.189286,
    0.0,
    0.667857,
    0.864286,
    0.0,
    0.0,
    0.871429,
    0.767857,
    0.778571,
    0.546429,
    0.710714,
    0.503571,
    0.578571,
    0.689286,
    0.567857,
    0.617857,
    0.314286,
    0.442857,
    0.792857,
    0.567857,
    0.917857,
    0.764286,
    0.453571,
    0.514286,
    0.760714,
    0.696429,
    0.7,
    0.496429,
    0.864286,
    0.0,
    0.871429,
    0.203571,
    0.757143,
    0.282143,
    0.696429,
    0.475,
    0.0,
    0.725,
    0.857143,
    0.0,
    0.55,
    0.917857,
    0.103571,
    0.742857,
    0.796429,
    0.0,
    0.921429,
    0.0,
    0.189286,
    0.321429,
    0.542857,
    0.0,
    0.125,
    0.828571,
    0.460714,
    0.0,
    0.0,
    0.0,
    0.821429,
    0.503571,
    0.0,
    0.557143,
    0.303571,
    0.0,
    0.264286,
    0.0
  ],
  "training_timesteps": [
    180,
    193,
    423,
    483,
    495,
    562,
    814,
    1034,
    1043,
    1073,
    1088,
    1102,
    1354,
    1468,
    1707,
    1959,
    2043,
    2071,
    2079,
    2233,
    2320,
    2371,
    2390,
    2436,
    2578,
    2585,
    2616,
    2643,
    2662,
    2753,
    2767,
    2851,
    3103,
    3115,
    3145,
    3162,
    3196,
    3269,
    3297,
    3522,
    3531,
    3547,
    3594,
    3665,
    3894,
    3944,
    4000,
    4083,
    4133,
    4206,
    4229,
    4298,
    4311,
    4474,
    4485,
    4545,
    4574,
    4646,
    4698,
    4950,
    4991,
    5020,
    5065,
    5317,
    5569,
    5619,
    5717,
    5792,
    5886,
    6026,
    6129,
    6317,
    6410,
    6437,
    6454,
    6611,
    6863,
    7115,
    7367,
    7531,
    7783,
    8035,
    8287,
    8539,
    8617,
    8869,
    9121,
    9373,
    9625,
    9877,
    10129,
    10381,
    10633,
    10885,
    11137,
    11389,
    11641,
    11893,
    12145,
    12397,
    12649,
    12901,
    13153,
    13405,
    13657,
    13909,
    14161,
    14413,
    14665,
    14917,
    15169,
    15421,
    15673,
    15925,
    16177,
    16429,
    16681,
    16933,
    17185,
    17437,
    17608,
    17860,
    18112,
    18364,
    18616,
    18868,
    19120,
    19372,
    19624,
    19876,
    20128,
    20380,
    20632,
    20884,
    21136,
    21388,
    21640,
    21892,
    22144,
    22396,
    22648,
    22900,
    23149,
    23401,
    23653,
    23905,
    24157,
    24409,
    24661,
    24913,
    25165,
    25417,
    25669,
    25921,
    26173,
    26425,
    26677,
    26929,
    27181,
    27433,
    27685,
    27937,
    28189,
    28441,
    28693,
    28945,
    29197,
    29449,
    29701,
    29953,
    30205,
    30457,
    30709,
    30961,
    31213,
    31465,
    31717,
    31969,
    32221,
    32473,
    32725,
    32977,
    33229,
    33481,
    33733,
    33985,
    34237,
    34489,
    34741,
    34993,
    35245,
    35497,
    35749,
    36001,
    36253,
    36505,
    36757,
    37009,
    37261,
    37513,
    37765,
    38017,
    38269,
    38521,
    38773,
    39025,
    39214,
    39466,
    39718,
    39970,
    40222,
    40474,
    40726,
    40978,
    41230,
    41482,
    41734,
    41986,
    42238,
    42490,
    42742,
    42994,
    43246,
    43498,
    43750,
    44002,
    44254,
    44506,
    44758,
    45010,
    45262,
    45514,
    45766,
    46018,
    46270,
    46522,
    46774,
    46829,
    47081,
    47333,
    47585,
    47837,
    48089,
    48341,
    48593,
    48845,
    49097,
    49349,
    49601,
    49853,
    50105,
    50357,
    50609,
    50861,
    51113,
    51365,
    51617,
    51869,
    52121,
    52373,
    52625,
    52877,
    53129,
    53381,
    53633,
    53885,
    54137,
    54389,
    54641,
    54893,
    55145,
    55397,
    55649,
    55901,
    56153,
    56405,
    56657,
    56909,
    57161,
    57244,
    57496,
    57748,
    58000,
    58252,
    58504,
    58756,
    59008,
    59260,
    59512,
    59764,
    60016,
    60268,
    60520,
    60772,
    61024,
    61276,
    61528,
    61780,
    62032,
    62284,
    62536,
    62788,
    63040,
    63292,
    63544,
    63796,
    64048,
    64300,
    64552,
    64804,
    65056,
    65308,
    65560,
    65812,
    66064,
    66316,
    66568,
    66820,
    67072,
    67324,
    67576,
    67828,
    68080,
    68332,
    68584,
    68836,
    69088,
    69340,
    69592,
    69844,
    70096,
    70348,
    70600,
    70852,
    71104,
    71356,
    71608,
    71860,
    72110,
    72362,
    72614,
    72866,
    73118,
    73370,
    73622,
    73874,
    74126,
    74378,
    74630,
    74679,
    74931,
    75183,
    75404,
    75656,
    75908,
    76160,
    76412,
    76664,
    76916,
    77006,
    77258,
    77510,
    77762,
    78014,
    78266,
    78518,
    78770,
    79022,
    79274,
    79526,
    79778,
    80030,
    80282,
    80287,
    80539,
    80791,
    81043,
    81295,
    81547,
    81799,
    82051,
    82303,
    82555,
    82660,
    82881,
    82916,
    83093,
    83183,
    83435,
    83513,
    83765,
    84017,
    84261,
    84483,
    84571,
    84823,
    84869,
    84983,
    85171,
    85407,
    85659,
    85799,
    86051,
    86303,
    86503,
    86755,
    86972,
    87072,
    87126,
    87145,
    87397,
    87642,
    87894,
    88146,
    88398,
    88521,
    88773,
    89025,
    89277,
    89529,
    89679,
    89915,
    90167,
    90303,
    90530,
    90782,
    90875,
    90913,
    91165,
    91417,
    91453,
    91518,
    91580,
    91707,
    91788,
    91927,
    92045,
    92132,
    92253,
    92360,
    92552,
    92708,
    92766,
    92887,
    92910,
    92976,
    93129,
    93265,
    93332,
    93417,
    93501,
    93642,
    93680,
    93932,
    93968,
    94191,
    94259,
    94460,
    94545,
    94692,
    94944,
    95021,
    95061,
    95313,
    95439,
    95462,
    95713,
    95785,
    95842,
    96094,
    96116,
    96368,
    96595,
    96785,
    96913,
    97165,
    97410,
    97458,
    97609,
    97861,
    98113,
    98365,
    98415,
    98554,
    98806,
    98930,
    99125,
    99377,
    99583,
    99835
  ]
}