{
  "algo": "DQN",
  "seed": 5,
  "timesteps": 100000,
  "distshift1_mean": 0.0,
  "distshift1_std": 0.0,
  "distshift2_mean": 0.0,
  "distshift2_std": 0.0,
  "generalization_gap": 0.0,
  "distshift1_rewards": [
    0.0,
    0.0,
    0.0,
    0.0,
    0.0,
    0.0,
    0.0,
    0.0,
    0.0,
    0.0
  ],
  "distshift2_rewards": [
    0.0,
    0.0,
    0.0,
    0.0,
    0.0,
    0.0,
    0.0,
    0.0,
    0.0,
    0.0
  ],
  "training_rewards": [
    0.0,
    0.0,
    0.0,
    0.0,
    0.207143,
    0.0,
    0.0,
    0.0,
    0.0,
    0.0,
    0.0,
    0.0,
    0.0,
    0.0,
    0.0,
    0.0,
    0.0,
    0.0,
    0.0,
    0.0,
    0.0,
    0.0,
    0.0,
    0.0,
    0.0,
    0.0,
    0.0,
    0.0,
    0.0,
    0.0,
    0.0,
    0.0,
    0.0,
    0.0,
    0.0,
    0.0,
    0.0,
    0.0,
    0.0,
    0.0,
    0.0,
    0.0,
    0.0,
    0.0,
    0.0,
    0.0,
    0.0,
    0.0,
    0.0,
    0.0,
    0.0,
    0.0,
    0.0,
    0.0,
    0.0,
    0.0,
    0.0,
    0.0,
    0.0,
    0.0,
    0.0,
    0.0,
    0.0,
    0.0,
    0.0,
    0.0,
    0.0,
    0.0,
    0.0,
    0.0,
    0.0,
    0.0,
    0.0,
    0.0,
    0.0,
    0.0,
    0.0,
    0.0,
    0.0,
    0.0,
    0.0,
    0.0,
    0.0,
    0.0,
    0.0,
    0.0,
    0.0,
    0.0,
    0.0,
    0.0,
    0.0,
    0.0,
    0.0,
    0.0,
    0.0,
    0.0,
    0.0,
    0.0,
    0.0,
    0.0,
    0.0,
    0.0,
    0.0,
    0.0,
    0.0,
    0.0,
    0.0,
    0.0,
    0.0,
    0.0,
    0.0,
    0.0,
    0.0,
    0.0,
    0.0,
    0.0,
    0.0,
    0.0,
    0.0,
    0.0,
    0.0,
    0.0,
    0.0,
    0.0,
    0.0,
    0.0,
    0.0,
    0.0,
    0.0,
    0.0,
    0.0,
    0.0,
    0.0,
    0.0,
    0.0,
    0.0,
    0.0,
    0.0,
    0.0,
    0.0,
    0.0,
    0.0,
    0.0,
    0.0,
    0.0,
    0.0,
    0.0,
    0.0,
    0.0,
    0.0,
    0.0,
    0.0,
    0.0,
    0.0,
    0.0,
    0.0,
    0.0,
    0.0,
    0.0,
    0.0,
    0.0,
    0.0,
    0.0,
    0.0,
    0.0,
    0.0,
    0.0,
    0.0,
    0.0,
    0.0,
    0.0,
    0.821429,
    0.0,
    0.0,
    0.0,
    0.0,
    0.0,
    0.0,
    0.421429,
    0.0,
    0.0,
    0.0,
    0.0,
    0.0,
    0.0,
    0.0,
    0.0,
    0.589286,
    0.0,
    0.0,
    0.0,
    0.0,
    0.0,
    0.0,
    0.0,
    0.0,
    0.0,
    0.0,
    0.0,
    0.0,
    0.0,
    0.0,
    0.0,
    0.0,
    0.0,
    0.0,
    0.0,
    0.0,
    0.0,
    0.0,
    0.0,
    0.0,
    0.0,
    0.0,
    0.0,
    0.0,
    0.0,
    0.0,
    0.0,
    0.0,
    0.0,
    0.0,
    0.0,
    0.0,
    0.0,
    0.0,
    0.0,
    0.0,
    0.0,
    0.0,
    0.0,
    0.0,
    0.0,
    0.0,
    0.0,
    0.0,
    0.0,
    0.0,
    0.0,
    0.0,
    0.0,
    0.0,
    0.0,
    0.0,
    0.0,
    0.0,
    0.0,
    0.0,
    0.0,
    0.0,
    0.0,
    0.0,
    0.0,
    0.0,
    0.0,
    0.0,
    0.0,
    0.0,
    0.0,
    0.0,
    0.0,
    0.0,
    0.410714,
    0.0,
    0.0,
    0.0,
    0.0,
    0.0,
    0.0,
    0.0,
    0.0,
    0.0,
    0.0,
    0.0,
    0.0,
    0.0,
    0.0,
    0.682143,
    0.0,
    0.0,
    0.0,
    0.0,
    0.0,
    0.0,
    0.428571,
    0.0,
    0.0,
    0.0,
    0.0,
    0.0,
    0.0,
    0.0,
    0.0,
    0.0,
    0.0,
    0.0,
    0.0,
    0.0,
    0.0,
    0.0,
    0.0,
    0.0,
    0.0,
    0.0,
    0.0,
    0.0,
    0.0,
    0.0,
    0.0,
    0.0,
    0.0,
    0.0,
    0.0,
    0.0,
    0.0,
    0.0,
    0.0,
    0.0,
    0.0,
    0.0,
    0.0,
    0.0,
    0.0,
    0.0,
    0.0,
    0.0,
    0.0,
    0.0,
    0.0,
    0.0,
    0.0,
    0.0,
    0.0,
    0.0,
    0.0,
    0.0,
    0.0,
    0.0,
    0.0,
    0.0,
    0.0,
    0.0,
    0.0,
    0.0,
    0.0,
    0.0,
    0.0,
    0.0,
    0.0,
    0.0,
    0.0,
    0.0,
    0.0,
    0.0,
    0.0,
    0.0,
    0.0,
    0.0,
    0.0,
    0.0,
    0.0,
    0.0,
    0.0,
    0.0,
    0.0,
    0.0,
    0.0,
    0.0,
    0.0,
    0.0,
    0.0,
    0.0,
    0.0,
    0.0,
    0.0,
    0.0,
    0.0,
    0.0,
    0.710714,
    0.0,
    0.0,
    0.0,
    0.0,
    0.0,
    0.0,
    0.0,
    0.0,
    0.0,
    0.0,
    0.0,
    0.0,
    0.0,
    0.0,
    0.0,
    0.0,
    0.0,
    0.0,
    0.0,
    0.0,
    0.0,
    0.0,
    0.0,
    0.0,
    0.0,
    0.0,
    0.0,
    0.0,
    0.0,
    0.0,
    0.0,
    0.0,
    0.0,
    0.0,
    0.0,
    0.0,
    0.0,
    0.0,
    0.0,
    0.0,
    0.0,
    0.0,
    0.0,
    0.0,
    0.0,
    0.0,
    0.0,
    0.0,
    0.0,
    0.0,
    0.0,
    0.0,
    0.0,
    0.0,
    0.0,
    0.0,
    0.0,
    0.0,
    0.0,
    0.0,
    0.0,
    0.0,
    0.0,
    0.0,
    0.0,
    0.0
  ],
  "training_timesteps": [
    45,
    59,
    198,
    223,
    445,
    458,
    463,
    470,
    553,
    560,
    590,
    608,
    765,
    783,
    792,
    902,
    953,
    1084,
    1088,
    1093,
    1345,
    1410,
    1436,
    1549,
    1699,
    1951,
    2203,
    2334,
    2408,
    2635,
    2641,
    2730,
    2982,
    3234,
    3371,
    3493,
    3497,
    3538,
    3611,
    3614,
    3866,
    4086,
    4146,
    4154,
    4219,
    4265,
    4444,
    4513,
    4537,
    4788,
    5040,
    5175,
    5195,
    5234,
    5329,
    5340,
    5427,
    5444,
    5696,
    5948,
    6200,
    6452,
    6618,
    6870,
    6925,
    7177,
    7429,
    7681,
    7898,
    8150,
    8402,
    8654,
    8906,
    9057,
    9309,
    9561,
    9705,
    9957,
    10209,
    10461,
    10713,
    10965,
    11217,
    11469,
    11721,
    11973,
    12225,
    12477,
    12729,
    12981,
    13233,
    13485,
    13737,
    13989,
    14241,
    14493,
    14745,
    14997,
    15249,
    15501,
    15753,
    16005,
    16257,
    16509,
    16761,
    17013,
    17265,
    17517,
    17769,
    18021,
    18273,
    18525,
    18777,
    19029,
    19281,
    19533,
    19785,
    20037,
    20289,
    20541,
    20793,
    21045,
    21297,
    21549,
    21801,
    22053,
    22305,
    22557,
    22809,
    23061,
    23313,
    23565,
    23817,
    24069,
    24321,
    24573,
    24825,
    25077,
    25329,
    25581,
    25833,
    26085,
    26337,
    26589,
    26841,
    27093,
    27345,
    27597,
    27849,
    28101,
    28353,
    28605,
    28857,
    29109,
    29361,
    29613,
    29865,
    30117,
    30369,
    30621,
    30873,
    31125,
    31350,
    31602,
    31854,
    32106,
    32358,
    32610,
    32862,
    33114,
    33366,
    33416,
    33668,
    33920,
    34172,
    34424,
    34676,
    34928,
    35090,
    35342,
    35594,
    35846,
    36098,
    36350,
    36602,
    36854,
    37106,
    37221,
    37473,
    37725,
    37977,
    38229,
    38481,
    38733,
    38985,
    39237,
    39489,
    39741,
    39993,
    40245,
    40497,
    40749,
    41001,
    41253,
    41505,
    41757,
    42009,
    42261,
    42513,
    42765,
    43017,
    43269,
    43521,
    43773,
    44025,
    44277,
    44529,
    44781,
    45033,
    45285,
    45537,
    45789,
    46041,
    46293,
    46545,
    46797,
    47049,
    47301,
    47553,
    47805,
    48057,
    48309,
    48561,
    48813,
    49065,
    49317,
    49569,
    49821,
    50073,
    50325,
    50577,
    50829,
    51081,
    51333,
    51585,
    51837,
    52089,
    52341,
    52593,
    52845,
    53097,
    53349,
    53601,
    53853,
    54105,
    54357,
    54609,
    54861,
    55013,
    55265,
    55517,
    55704,
    55869,
    56121,
    56212,
    56464,
    56716,
    56968,
    57220,
    57472,
    57724,
    57976,
    58228,
    58480,
    58732,
    58984,
    59236,
    59325,
    59577,
    59829,
    60081,
    60333,
    60585,
    60837,
    60997,
    61063,
    61315,
    61567,
    61819,
    62071,
    62323,
    62575,
    62827,
    63079,
    63331,
    63583,
    63835,
    64087,
    64339,
    64591,
    64843,
    65095,
    65347,
    65599,
    65851,
    66103,
    66355,
    66607,
    66859,
    67111,
    67363,
    67615,
    67867,
    68119,
    68371,
    68623,
    68875,
    69127,
    69379,
    69631,
    69883,
    70135,
    70387,
    70639,
    70891,
    71143,
    71395,
    71559,
    71811,
    72063,
    72315,
    72567,
    72819,
    73071,
    73323,
    73575,
    73827,
    74079,
    74331,
    74583,
    74835,
    75087,
    75339,
    75591,
    75843,
    76009,
    76067,
    76319,
    76571,
    76823,
    77075,
    77327,
    77579,
    77763,
    78015,
    78267,
    78519,
    78649,
    78901,
    79153,
    79405,
    79657,
    79674,
    79926,
    80178,
    80430,
    80682,
    80934,
    81186,
    81438,
    81690,
    81942,
    82194,
    82446,
    82698,
    82950,
    83202,
    83454,
    83535,
    83787,
    84039,
    84291,
    84543,
    84795,
    85047,
    85299,
    85551,
    85803,
    86055,
    86307,
    86559,
    86811,
    87063,
    87315,
    87567,
    87819,
    88071,
    88267,
    88519,
    88771,
    89023,
    89275,
    89527,
    89779,
    90031,
    90283,
    90535,
    90787,
    91039,
    91291,
    91543,
    91795,
    92047,
    92299,
    92551,
    92803,
    93055,
    93307,
    93559,
    93579,
    93831,
    94083,
    94335,
    94587,
    94839,
    95091,
    95343,
    95595,
    95847,
    96099,
    96351,
    96603,
    96855,
    97107,
    97359,
    97611,
    97863,
    98115,
    98367,
    98619,
    98871,
    99123,
    99375,
    99627,
    99879
  ]
}