{
  "algo": "DQN",
  "seed": 2,
  "timesteps": 100000,
  "distshift1_mean": 0.0,
  "distshift1_std": 0.0,
  "distshift2_mean": 0.0,
  "distshift2_std": 0.0,
  "generalization_gap": 0.0,
  "distshift1_rewards": [
    0.0,
    0.0,
    0.0,
    0.0,
    0.0,
    0.0,
    0.0,
    0.0,
    0.0,
    0.0
  ],
  "distshift2_rewards": [
    0.0,
    0.0,
    0.0,
    0.0,
    0.0,
    0.0,
    0.0,
    0.0,
    0.0,
    0.0
  ],
  "training_rewards": [
    0.0,
    0.0,
    0.0,
    0.0,
    0.0,
    0.0,
    0.0,
    0.0,
    0.0,
    0.0,
    0.0,
    0.0,
    0.0,
    0.0,
    0.0,
    0.0,
    0.0,
    0.0,
    0.0,
    0.0,
    0.0,
    0.0,
    0.0,
    0.0,
    0.0,
    0.0,
    0.0,
    0.0,
    0.0,
    0.0,
    0.0,
    0.0,
    0.0,
    0.0,
    0.0,
    0.0,
    0.0,
    0.0,
    0.0,
    0.0,
    0.0,
    0.0,
    0.0,
    0.0,
    0.0,
    0.0,
    0.0,
    0.0,
    0.0,
    0.0,
    0.0,
    0.0,
    0.0,
    0.0,
    0.0,
    0.0,
    0.0,
    0.0,
    0.0,
    0.0,
    0.0,
    0.0,
    0.0,
    0.0,
    0.0,
    0.0,
    0.0,
    0.0,
    0.0,
    0.0,
    0.0,
    0.0,
    0.0,
    0.0,
    0.0,
    0.0,
    0.0,
    0.0,
    0.0,
    0.0,
    0.0,
    0.0,
    0.0,
    0.0,
    0.0,
    0.0,
    0.0,
    0.0,
    0.0,
    0.0,
    0.0,
    0.0,
    0.0,
    0.0,
    0.0,
    0.0,
    0.0,
    0.0,
    0.0,
    0.0,
    0.0,
    0.0,
    0.0,
    0.0,
    0.0,
    0.0,
    0.0,
    0.0,
    0.0,
    0.0,
    0.0,
    0.0,
    0.0,
    0.0,
    0.0,
    0.0,
    0.0,
    0.0,
    0.0,
    0.0,
    0.0,
    0.0,
    0.0,
    0.0,
    0.0,
    0.0,
    0.0,
    0.0,
    0.0,
    0.0,
    0.0,
    0.0,
    0.0,
    0.0,
    0.0,
    0.0,
    0.0,
    0.0,
    0.0,
    0.0,
    0.0,
    0.0,
    0.0,
    0.0,
    0.0,
    0.0,
    0.0,
    0.0,
    0.0,
    0.0,
    0.0,
    0.0,
    0.0,
    0.0,
    0.0,
    0.0,
    0.0,
    0.0,
    0.0,
    0.0,
    0.0,
    0.0,
    0.0,
    0.0,
    0.0,
    0.0,
    0.0,
    0.0,
    0.0,
    0.0,
    0.0,
    0.0,
    0.0,
    0.0,
    0.0,
    0.0,
    0.0,
    0.0,
    0.0,
    0.0,
    0.0,
    0.0,
    0.0,
    0.0,
    0.0,
    0.0,
    0.0,
    0.0,
    0.0,
    0.0,
    0.0,
    0.0,
    0.0,
    0.0,
    0.0,
    0.0,
    0.0,
    0.0,
    0.0,
    0.0,
    0.0,
    0.0,
    0.0,
    0.0,
    0.0,
    0.0,
    0.0,
    0.0,
    0.0,
    0.0,
    0.0,
    0.0,
    0.0,
    0.0,
    0.0,
    0.0,
    0.0,
    0.0,
    0.0,
    0.0,
    0.0,
    0.0,
    0.0,
    0.0,
    0.0,
    0.0,
    0.0,
    0.0,
    0.0,
    0.0,
    0.0,
    0.0,
    0.0,
    0.0,
    0.0,
    0.0,
    0.0,
    0.0,
    0.0,
    0.0,
    0.0,
    0.0,
    0.0,
    0.0,
    0.0,
    0.0,
    0.0,
    0.0,
    0.0,
    0.0,
    0.0,
    0.0,
    0.0,
    0.0,
    0.0,
    0.0,
    0.0,
    0.0,
    0.0,
    0.0,
    0.0,
    0.0,
    0.0,
    0.0,
    0.0,
    0.0,
    0.0,
    0.0,
    0.0,
    0.0,
    0.0,
    0.0,
    0.0,
    0.0,
    0.0,
    0.0,
    0.0,
    0.0,
    0.0,
    0.0,
    0.0,
    0.0,
    0.0,
    0.0,
    0.0,
    0.0,
    0.0,
    0.0,
    0.0,
    0.0,
    0.0,
    0.0,
    0.0,
    0.0,
    0.0,
    0.0,
    0.0,
    0.0,
    0.0,
    0.0,
    0.0,
    0.0,
    0.0,
    0.0,
    0.0,
    0.0,
    0.0,
    0.0,
    0.0,
    0.0,
    0.0,
    0.0,
    0.0,
    0.0,
    0.0,
    0.0,
    0.0,
    0.0,
    0.0,
    0.0,
    0.0,
    0.0,
    0.0,
    0.0,
    0.0,
    0.0,
    0.0,
    0.0,
    0.0,
    0.0,
    0.0,
    0.0,
    0.0,
    0.0,
    0.0,
    0.0,
    0.0,
    0.0,
    0.0,
    0.0,
    0.0,
    0.0,
    0.0,
    0.0,
    0.0,
    0.0,
    0.0,
    0.0,
    0.0,
    0.0,
    0.0,
    0.0,
    0.0,
    0.0,
    0.0,
    0.0,
    0.0,
    0.0,
    0.0,
    0.0,
    0.0,
    0.0,
    0.0,
    0.0,
    0.0,
    0.0,
    0.0,
    0.0,
    0.0,
    0.0,
    0.0,
    0.0,
    0.0,
    0.0,
    0.0,
    0.0,
    0.0,
    0.0,
    0.0,
    0.0,
    0.0,
    0.0,
    0.0,
    0.0,
    0.0,
    0.0,
    0.0,
    0.0,
    0.0,
    0.0,
    0.0,
    0.0,
    0.0,
    0.0,
    0.0,
    0.0,
    0.0,
    0.0,
    0.0,
    0.0,
    0.0,
    0.0,
    0.0,
    0.0,
    0.0,
    0.0,
    0.0,
    0.0,
    0.0,
    0.0,
    0.0,
    0.0,
    0.0,
    0.0
  ],
  "training_timesteps": [
    5,
    38,
    42,
    72,
    193,
    265,
    335,
    538,
    636,
    888,
    1140,
    1184,
    1320,
    1495,
    1564,
    1816,
    2005,
    2257,
    2446,
    2698,
    2950,
    3202,
    3454,
    3706,
    3741,
    3993,
    4088,
    4340,
    4592,
    4844,
    5096,
    5348,
    5582,
    5834,
    6086,
    6338,
    6590,
    6842,
    7094,
    7346,
    7598,
    7850,
    8102,
    8354,
    8606,
    8858,
    9110,
    9362,
    9614,
    9866,
    10118,
    10370,
    10622,
    10874,
    11126,
    11378,
    11630,
    11882,
    12134,
    12386,
    12638,
    12890,
    13142,
    13394,
    13646,
    13898,
    14150,
    14402,
    14654,
    14906,
    15158,
    15410,
    15662,
    15914,
    16166,
    16418,
    16670,
    16922,
    17174,
    17426,
    17678,
    17930,
    18182,
    18434,
    18686,
    18938,
    19190,
    19442,
    19694,
    19946,
    20198,
    20450,
    20702,
    20954,
    21206,
    21458,
    21710,
    21962,
    22214,
    22466,
    22718,
    22970,
    23222,
    23474,
    23726,
    23978,
    24230,
    24482,
    24734,
    24986,
    25238,
    25490,
    25742,
    25994,
    26246,
    26498,
    26750,
    27002,
    27254,
    27506,
    27758,
    28010,
    28262,
    28514,
    28766,
    29018,
    29270,
    29522,
    29774,
    30026,
    30278,
    30530,
    30782,
    31034,
    31286,
    31538,
    31790,
    32042,
    32294,
    32546,
    32798,
    33050,
    33302,
    33554,
    33806,
    34058,
    34310,
    34562,
    34814,
    35066,
    35318,
    35570,
    35822,
    36074,
    36326,
    36578,
    36830,
    37082,
    37334,
    37586,
    37838,
    38090,
    38342,
    38594,
    38846,
    38927,
    39179,
    39431,
    39683,
    39935,
    40187,
    40439,
    40691,
    40812,
    41027,
    41183,
    41298,
    41320,
    41572,
    41824,
    42076,
    42328,
    42565,
    42817,
    43069,
    43321,
    43573,
    43825,
    44077,
    44329,
    44581,
    44833,
    45085,
    45337,
    45589,
    45841,
    46093,
    46345,
    46597,
    46849,
    47101,
    47353,
    47605,
    47857,
    48109,
    48361,
    48613,
    48865,
    49117,
    49369,
    49621,
    49873,
    50125,
    50377,
    50629,
    50881,
    51133,
    51385,
    51637,
    51889,
    52141,
    52393,
    52645,
    52897,
    53149,
    53401,
    53653,
    53777,
    54029,
    54281,
    54503,
    54755,
    55007,
    55259,
    55511,
    55763,
    55875,
    55917,
    56169,
    56421,
    56673,
    56925,
    57177,
    57429,
    57681,
    57933,
    58185,
    58437,
    58689,
    58941,
    59193,
    59445,
    59697,
    59949,
    60201,
    60453,
    60705,
    60957,
    61209,
    61461,
    61713,
    61965,
    62217,
    62469,
    62721,
    62973,
    63225,
    63477,
    63729,
    63981,
    64233,
    64485,
    64737,
    64989,
    65241,
    65493,
    65745,
    65997,
    66249,
    66456,
    66708,
    66960,
    67212,
    67464,
    67716,
    67968,
    68220,
    68472,
    68724,
    68976,
    69228,
    69480,
    69732,
    69984,
    70236,
    70488,
    70740,
    70992,
    71244,
    71496,
    71748,
    72000,
    72252,
    72504,
    72708,
    72960,
    73212,
    73464,
    73716,
    73968,
    74220,
    74472,
    74724,
    74976,
    75228,
    75480,
    75605,
    75857,
    76109,
    76361,
    76613,
    76865,
    77117,
    77369,
    77621,
    77873,
    78125,
    78377,
    78629,
    78881,
    79133,
    79385,
    79637,
    79889,
    80141,
    80393,
    80645,
    80897,
    81149,
    81401,
    81653,
    81905,
    82157,
    82409,
    82661,
    82913,
    83165,
    83417,
    83669,
    83921,
    84173,
    84425,
    84677,
    84929,
    85181,
    85433,
    85685,
    85937,
    86189,
    86441,
    86693,
    86945,
    87197,
    87449,
    87701,
    87953,
    88205,
    88457,
    88709,
    88961,
    89213,
    89465,
    89717,
    89969,
    90221,
    90473,
    90725,
    90977,
    91229,
    91481,
    91733,
    91985,
    92237,
    92489,
    92741,
    92993,
    93245,
    93497,
    93749,
    94001,
    94253,
    94505,
    94757,
    95009,
    95261,
    95513,
    95765,
    96017,
    96269,
    96521,
    96773,
    97025,
    97277,
    97529,
    97591,
    97843,
    98095,
    98347,
    98599,
    98851,
    99103,
    99355,
    99607,
    99859
  ]
}