{
  "algo": "DQN",
  "seed": 3,
  "timesteps": 100000,
  "distshift1_mean": 0.0,
  "distshift1_std": 0.0,
  "distshift2_mean": 0.0,
  "distshift2_std": 0.0,
  "generalization_gap": 0.0,
  "distshift1_rewards": [
    0.0,
    0.0,
    0.0,
    0.0,
    0.0,
    0.0,
    0.0,
    0.0,
    0.0,
    0.0
  ],
  "distshift2_rewards": [
    0.0,
    0.0,
    0.0,
    0.0,
    0.0,
    0.0,
    0.0,
    0.0,
    0.0,
    0.0
  ],
  "training_rewards": [
    0.0,
    0.0,
    0.0,
    0.0,
    0.0,
    0.0,
    0.0,
    0.0,
    0.0,
    0.0,
    0.0,
    0.0,
    0.0,
    0.0,
    0.0,
    0.0,
    0.0,
    0.0,
    0.0,
    0.0,
    0.0,
    0.0,
    0.0,
    0.0,
    0.0,
    0.0,
    0.0,
    0.0,
    0.0,
    0.0,
    0.0,
    0.0,
    0.0,
    0.0,
    0.0,
    0.0,
    0.0,
    0.0,
    0.0,
    0.0,
    0.0,
    0.0,
    0.0,
    0.0,
    0.0,
    0.0,
    0.0,
    0.0,
    0.0,
    0.0,
    0.0,
    0.0,
    0.0,
    0.0,
    0.0,
    0.0,
    0.0,
    0.0,
    0.0,
    0.0,
    0.0,
    0.0,
    0.0,
    0.0,
    0.0,
    0.0,
    0.0,
    0.0,
    0.0,
    0.0,
    0.0,
    0.0,
    0.0,
    0.0,
    0.0,
    0.0,
    0.0,
    0.0,
    0.0,
    0.0,
    0.0,
    0.0,
    0.0,
    0.0,
    0.0,
    0.0,
    0.0,
    0.0,
    0.0,
    0.0,
    0.0,
    0.0,
    0.0,
    0.0,
    0.0,
    0.0,
    0.0,
    0.0,
    0.0,
    0.0,
    0.0,
    0.0,
    0.0,
    0.0,
    0.0,
    0.0,
    0.0,
    0.0,
    0.0,
    0.0,
    0.0,
    0.0,
    0.0,
    0.0,
    0.0,
    0.0,
    0.0,
    0.0,
    0.0,
    0.0,
    0.0,
    0.0,
    0.0,
    0.0,
    0.0,
    0.0,
    0.0,
    0.0,
    0.0,
    0.0,
    0.0,
    0.0,
    0.0,
    0.0,
    0.0,
    0.0,
    0.0,
    0.0,
    0.0,
    0.0,
    0.0,
    0.0,
    0.0,
    0.0,
    0.0,
    0.0,
    0.0,
    0.0,
    0.0,
    0.0,
    0.0,
    0.0,
    0.0,
    0.0,
    0.0,
    0.0,
    0.0,
    0.0,
    0.0,
    0.0,
    0.0,
    0.0,
    0.0,
    0.0,
    0.0,
    0.0,
    0.0,
    0.0,
    0.0,
    0.0,
    0.0,
    0.0,
    0.0,
    0.0,
    0.0,
    0.0,
    0.0,
    0.0,
    0.0,
    0.0,
    0.0,
    0.0,
    0.0,
    0.0,
    0.0,
    0.0,
    0.0,
    0.0,
    0.0,
    0.0,
    0.0,
    0.0,
    0.0,
    0.0,
    0.0,
    0.0,
    0.0,
    0.0,
    0.0,
    0.0,
    0.0,
    0.0,
    0.0,
    0.0,
    0.0,
    0.0,
    0.0,
    0.0,
    0.0,
    0.0,
    0.0,
    0.0,
    0.0,
    0.0,
    0.0,
    0.0,
    0.0,
    0.0,
    0.0,
    0.0,
    0.0,
    0.0,
    0.0,
    0.0,
    0.0,
    0.0,
    0.0,
    0.0,
    0.0,
    0.0,
    0.164286,
    0.0,
    0.0,
    0.0,
    0.0,
    0.0,
    0.0,
    0.0,
    0.0,
    0.0,
    0.0,
    0.0,
    0.0,
    0.0,
    0.0,
    0.0,
    0.0,
    0.0,
    0.0,
    0.0,
    0.0,
    0.0,
    0.0,
    0.0,
    0.0,
    0.0,
    0.0,
    0.0,
    0.0,
    0.0,
    0.0,
    0.0,
    0.0,
    0.0,
    0.0,
    0.0,
    0.267857,
    0.0,
    0.0,
    0.0,
    0.0,
    0.0,
    0.0,
    0.0,
    0.0,
    0.0,
    0.0,
    0.0,
    0.0,
    0.0,
    0.0,
    0.0,
    0.0,
    0.0,
    0.0,
    0.0,
    0.0,
    0.0,
    0.0,
    0.0,
    0.0,
    0.0,
    0.0,
    0.0,
    0.0,
    0.0,
    0.0,
    0.0,
    0.0,
    0.0,
    0.0,
    0.0,
    0.0,
    0.0,
    0.0,
    0.0,
    0.0,
    0.0,
    0.0,
    0.0,
    0.0,
    0.0,
    0.0,
    0.0,
    0.0,
    0.0,
    0.0,
    0.0,
    0.0,
    0.0,
    0.0,
    0.0,
    0.0,
    0.0,
    0.0,
    0.0,
    0.0,
    0.0,
    0.0,
    0.0,
    0.0,
    0.0,
    0.0,
    0.0,
    0.0,
    0.0,
    0.0,
    0.0,
    0.0,
    0.0,
    0.0,
    0.0,
    0.0,
    0.0,
    0.0,
    0.0,
    0.0,
    0.0,
    0.0,
    0.0,
    0.0,
    0.0,
    0.0,
    0.0,
    0.0,
    0.0,
    0.0,
    0.0,
    0.0,
    0.0,
    0.0,
    0.0,
    0.0,
    0.0,
    0.0,
    0.0,
    0.0,
    0.0,
    0.0,
    0.0,
    0.0,
    0.0,
    0.0,
    0.0,
    0.0,
    0.0,
    0.0,
    0.0,
    0.0,
    0.0,
    0.0,
    0.0,
    0.0,
    0.0,
    0.0,
    0.0,
    0.0,
    0.0,
    0.0,
    0.142857,
    0.0,
    0.264286,
    0.0,
    0.0,
    0.0,
    0.0,
    0.0,
    0.239286,
    0.0,
    0.0,
    0.0,
    0.0,
    0.0,
    0.0,
    0.0,
    0.0,
    0.0,
    0.0,
    0.0,
    0.0,
    0.0,
    0.0,
    0.0,
    0.0,
    0.0,
    0.0,
    0.0,
    0.0,
    0.0,
    0.0,
    0.0,
    0.0,
    0.0,
    0.0,
    0.0,
    0.0,
    0.0,
    0.0,
    0.0,
    0.0,
    0.0,
    0.664286,
    0.0,
    0.0,
    0.0,
    0.0,
    0.0,
    0.0,
    0.0,
    0.0,
    0.0,
    0.0,
    0.0,
    0.0,
    0.0,
    0.0,
    0.0,
    0.0,
    0.0,
    0.0,
    0.0
  ],
  "training_timesteps": [
    22,
    62,
    165,
    417,
    669,
    687,
    868,
    876,
    941,
    1193,
    1270,
    1397,
    1424,
    1592,
    1643,
    1859,
    2111,
    2269,
    2321,
    2429,
    2663,
    2760,
    2873,
    2895,
    3033,
    3285,
    3363,
    3483,
    3693,
    3695,
    3765,
    3928,
    3933,
    3963,
    4191,
    4356,
    4446,
    4698,
    4788,
    5040,
    5158,
    5410,
    5463,
    5578,
    5691,
    5868,
    6120,
    6163,
    6223,
    6475,
    6727,
    6893,
    6962,
    7090,
    7150,
    7184,
    7262,
    7280,
    7414,
    7435,
    7531,
    7755,
    7881,
    7919,
    7974,
    8042,
    8203,
    8455,
    8594,
    8752,
    9004,
    9059,
    9086,
    9222,
    9343,
    9378,
    9386,
    9581,
    9833,
    9852,
    10104,
    10224,
    10476,
    10728,
    10980,
    11232,
    11484,
    11736,
    11988,
    12240,
    12492,
    12744,
    12996,
    13248,
    13500,
    13752,
    14004,
    14256,
    14508,
    14760,
    15012,
    15264,
    15516,
    15768,
    16020,
    16272,
    16524,
    16776,
    17028,
    17280,
    17532,
    17784,
    18036,
    18288,
    18540,
    18792,
    19044,
    19296,
    19548,
    19800,
    20052,
    20304,
    20514,
    20766,
    21018,
    21270,
    21522,
    21774,
    22026,
    22278,
    22530,
    22782,
    23034,
    23286,
    23538,
    23790,
    24042,
    24294,
    24546,
    24798,
    25050,
    25302,
    25554,
    25806,
    26058,
    26310,
    26562,
    26814,
    27066,
    27318,
    27570,
    27822,
    28074,
    28326,
    28578,
    28830,
    29082,
    29334,
    29586,
    29838,
    30090,
    30342,
    30594,
    30846,
    31098,
    31350,
    31602,
    31854,
    32106,
    32144,
    32396,
    32648,
    32900,
    33152,
    33404,
    33656,
    33908,
    33997,
    34249,
    34501,
    34753,
    34853,
    35105,
    35357,
    35609,
    35861,
    36113,
    36365,
    36454,
    36706,
    36958,
    37210,
    37462,
    37714,
    37966,
    38218,
    38470,
    38722,
    38974,
    39226,
    39478,
    39730,
    39982,
    40234,
    40368,
    40620,
    40872,
    41124,
    41376,
    41628,
    41880,
    42132,
    42384,
    42636,
    42781,
    42940,
    42944,
    43196,
    43448,
    43700,
    43952,
    44018,
    44031,
    44033,
    44039,
    44291,
    44429,
    44681,
    44933,
    45185,
    45419,
    45671,
    45923,
    46175,
    46427,
    46679,
    46931,
    47183,
    47435,
    47687,
    47939,
    48191,
    48443,
    48695,
    48947,
    49199,
    49451,
    49703,
    49955,
    50207,
    50459,
    50711,
    50963,
    51215,
    51467,
    51719,
    51971,
    52223,
    52475,
    52727,
    52979,
    53231,
    53483,
    53735,
    53750,
    54002,
    54207,
    54459,
    54711,
    54963,
    55215,
    55383,
    55635,
    55887,
    56139,
    56391,
    56643,
    56895,
    57147,
    57399,
    57651,
    57903,
    58155,
    58407,
    58659,
    58911,
    59163,
    59415,
    59579,
    59831,
    60083,
    60335,
    60587,
    60839,
    61091,
    61343,
    61595,
    61847,
    62099,
    62351,
    62603,
    62855,
    63107,
    63359,
    63611,
    63863,
    64115,
    64367,
    64619,
    64871,
    65123,
    65375,
    65627,
    65879,
    66131,
    66383,
    66635,
    66887,
    67139,
    67391,
    67643,
    67895,
    68147,
    68399,
    68651,
    68903,
    69155,
    69407,
    69659,
    69911,
    70163,
    70415,
    70667,
    70919,
    71171,
    71423,
    71675,
    71927,
    72179,
    72431,
    72683,
    72935,
    73187,
    73439,
    73691,
    73943,
    74195,
    74447,
    74699,
    74951,
    75203,
    75455,
    75707,
    75959,
    76211,
    76463,
    76715,
    76967,
    77219,
    77471,
    77723,
    77975,
    78227,
    78479,
    78731,
    78983,
    79235,
    79487,
    79739,
    79991,
    80243,
    80495,
    80747,
    80999,
    81251,
    81503,
    81755,
    82007,
    82259,
    82511,
    82763,
    83015,
    83267,
    83519,
    83771,
    84023,
    84209,
    84461,
    84713,
    84953,
    85205,
    85411,
    85663,
    85915,
    86167,
    86419,
    86671,
    86884,
    87136,
    87388,
    87640,
    87892,
    88144,
    88396,
    88648,
    88900,
    89152,
    89404,
    89656,
    89908,
    90160,
    90412,
    90664,
    90916,
    91168,
    91420,
    91672,
    91924,
    92176,
    92428,
    92680,
    92932,
    93184,
    93436,
    93688,
    93834,
    94086,
    94338,
    94590,
    94842,
    95094,
    95188,
    95440,
    95692,
    95944,
    96196,
    96448,
    96700,
    96952,
    97204,
    97456,
    97708,
    97960,
    98212,
    98464,
    98716,
    98968,
    99220,
    99472,
    99724,
    99976
  ]
}